accountId,createdAt
6a674f83e74af7870f6d04b2,2026-07-27T12:31:01.644Z
6a6750ca04b99bae22a92e55,2026-07-27T12:36:27.936Z
6a675186e74af7870f6d04b3,2026-07-27T12:39:36.098Z
6a6751ec04b99bae22a92e56,2026-07-27T12:41:18.168Z
6a675334e74af7870f6d04b4,2026-07-27T12:46:45.738Z
6a675346e74af7870f6d04b5,2026-07-27T12:47:10.027Z
6a675399e74af7870f6d04b6,2026-07-27T12:48:27.363Z
6a67551204b99bae22a92e59,2026-07-27T12:54:44.185Z
6a675569e74af7870f6d04b7,2026-07-27T12:56:11.759Z
6a67564304b99bae22a92e5a,2026-07-27T12:59:49.594Z
6a67566604b99bae22a92e5b,2026-07-27T13:00:23.975Z
6a67568ae74af7870f6d04b8,2026-07-27T13:01:00.293Z
6a6756e804b99bae22a92e5c,2026-07-27T13:02:34.206Z
6a6756ea04b99bae22a92e5d,2026-07-27T13:02:36.176Z
6a67574de74af7870f6d04b9,2026-07-27T13:04:15.002Z
6a6757b0e74af7870f6d04ba,2026-07-27T13:05:55.306Z
6a6757b804b99bae22a92e5e,2026-07-27T13:06:03.004Z
6a675811e74af7870f6d04bb,2026-07-27T13:07:31.425Z
6a67586de74af7870f6d04bc,2026-07-27T13:09:03.296Z
6a6758cde74af7870f6d04bd,2026-07-27T13:10:39.642Z
6a67591a04b99bae22a92e5f,2026-07-27T13:11:56.659Z
6a67596b04b99bae22a92e60,2026-07-27T13:13:17.113Z
6a6759bae74af7870f6d04be,2026-07-27T13:14:36.103Z
6a675a0ce74af7870f6d04bf,2026-07-27T13:15:58.480Z
6a675a5ae74af7870f6d04c0,2026-07-27T13:17:16.880Z
6a675a92e74af7870f6d04c1,2026-07-27T13:18:13.415Z
6a675aece74af7870f6d04c2,2026-07-27T13:19:42.702Z
6a675bc304b99bae22a92e61,2026-07-27T13:23:20.058Z
6a675df7e74af7870f6d04c3,2026-07-27T13:32:41.834Z
6a675eefe74af7870f6d04c4,2026-07-27T13:36:52.861Z
6a675f3704b99bae22a92e62,2026-07-27T13:38:01.581Z
6a675fb104b99bae22a92e63,2026-07-27T13:40:04.042Z
6a67606404b99bae22a92e64,2026-07-27T13:43:05.714Z
6a6760bf04b99bae22a92e65,2026-07-27T13:44:34.272Z
6a67644904b99bae22a92e66,2026-07-27T13:59:39.531Z
6a67657804b99bae22a92e67,2026-07-27T14:04:43.363Z
6a67666fe74af7870f6d04c5,2026-07-27T14:08:49.419Z
6a6766cae74af7870f6d04c6,2026-07-27T14:10:20.296Z
6a676742e74af7870f6d04c7,2026-07-27T14:12:19.773Z
6a6768b004b99bae22a92e69,2026-07-27T14:18:26.692Z
6a67692c04b99bae22a92e6a,2026-07-27T14:20:32.601Z
6a676aa604b99bae22a92e6b,2026-07-27T14:26:47.650Z
6a676aafe74af7870f6d04c9,2026-07-27T14:26:57.113Z
6a676cb0e74af7870f6d04ca,2026-07-27T14:35:31.534Z
6a67700c04b99bae22a92e6c,2026-07-27T14:49:50.185Z
6a677048e74af7870f6d04cb,2026-07-27T14:50:53.261Z
6a6774fee74af7870f6d04cc,2026-07-27T15:10:56.006Z
6a677596e74af7870f6d04cd,2026-07-27T15:13:28.418Z
6a6775f5e74af7870f6d04ce,2026-07-27T15:15:02.708Z
6a67766104b99bae22a92e6e,2026-07-27T15:16:52.609Z
6a677806e74af7870f6d04cf,2026-07-27T15:23:52.522Z
6a677b25e74af7870f6d04d0,2026-07-27T15:37:13.029Z
6a677c41e74af7870f6d04d1,2026-07-27T15:41:56.158Z
6a677d8104b99bae22a92e70,2026-07-27T15:47:15.536Z
6a677f1204b99bae22a92e71,2026-07-27T15:53:55.883Z
6a67800104b99bae22a92e72,2026-07-27T15:57:55.130Z
6a67829d04b99bae22a92e74,2026-07-27T16:09:03.593Z
6a6782b504b99bae22a92e75,2026-07-27T16:09:27.202Z
6a678312e74af7870f6d04d2,2026-07-27T16:11:01.168Z
6a67842904b99bae22a92e76,2026-07-27T16:15:39.646Z
6a6786f3e74af7870f6d04d4,2026-07-27T16:27:33.521Z
6a67886fe74af7870f6d04d5,2026-07-27T16:33:53.595Z
6a6789a604b99bae22a92e77,2026-07-27T16:39:04.695Z
6a678af304b99bae22a92e78,2026-07-27T16:44:37.676Z
6a678caa04b99bae22a92e7a,2026-07-27T16:51:56.270Z
6a678e2d04b99bae22a92e7b,2026-07-27T16:58:22.922Z
6a678ecb04b99bae22a92e7c,2026-07-27T17:01:01.524Z
6a678f2e04b99bae22a92e7d,2026-07-27T17:02:40.693Z
6a678f9104b99bae22a92e7e,2026-07-27T17:04:19.041Z
6a678ff204b99bae22a92e7f,2026-07-27T17:05:56.862Z
6a67902e04b99bae22a92e80,2026-07-27T17:06:58.869Z
6a679051e74af7870f6d04d7,2026-07-27T17:07:31.415Z
6a6790af04b99bae22a92e81,2026-07-27T17:09:05.421Z
6a6790d4e74af7870f6d04d8,2026-07-27T17:09:42.177Z
6a6790f504b99bae22a92e82,2026-07-27T17:10:15.871Z
6a67912904b99bae22a92e83,2026-07-27T17:11:06.791Z
6a67917504b99bae22a92e84,2026-07-27T17:12:23.381Z
6a6791b6e74af7870f6d04d9,2026-07-27T17:13:27.979Z
6a6791c504b99bae22a92e85,2026-07-27T17:13:43.079Z
6a67921204b99bae22a92e86,2026-07-27T17:15:00.852Z
6a679260e74af7870f6d04da,2026-07-27T17:16:18.632Z
6a6792ae04b99bae22a92e87,2026-07-27T17:17:36.461Z
6a679734e74af7870f6d04db,2026-07-27T17:36:54.005Z
6a679a2fe74af7870f6d04dc,2026-07-27T17:49:37.164Z
6a679be5e74af7870f6d04dd,2026-07-27T17:56:54.666Z
6a679dc704b99bae22a92e88,2026-07-27T18:04:57.721Z
6a679f1f04b99bae22a92e89,2026-07-27T18:10:43.877Z
6a67a1c9e74af7870f6d04de,2026-07-27T18:22:03.237Z
6a67a29a04b99bae22a92e8a,2026-07-27T18:25:35.220Z
6a67a409e74af7870f6d04df,2026-07-27T18:31:40.065Z
6a67a5e0e74af7870f6d04e0,2026-07-27T18:39:33.267Z
6a67a62ee74af7870f6d04e1,2026-07-27T18:40:48.779Z
6a67a87704b99bae22a92e8b,2026-07-27T18:50:33.355Z
6a67a8e5e74af7870f6d04e3,2026-07-27T18:52:23.055Z
6a67ad04e74af7870f6d04e5,2026-07-27T19:09:59.441Z
6a67aec604b99bae22a92e8c,2026-07-27T19:17:28.480Z
6a67af4ae74af7870f6d04e6,2026-07-27T19:19:40.527Z
6a67affde74af7870f6d04e8,2026-07-27T19:22:39.220Z
6a67b09904b99bae22a92e8d,2026-07-27T19:25:15.506Z
6a67b161e74af7870f6d04e9,2026-07-27T19:28:35.767Z
6a67b32a04b99bae22a92e8e,2026-07-27T19:36:12.902Z
6a67b6e704b99bae22a92e8f,2026-07-27T19:52:08.832Z
6a67baa0e74af7870f6d04eb,2026-07-27T20:08:02.394Z
6a67bb64e74af7870f6d04ec,2026-07-27T20:11:19.014Z
6a67bc11e74af7870f6d04ed,2026-07-27T20:14:10.938Z
6a67be49e74af7870f6d04ee,2026-07-27T20:23:39.051Z
6a67becde74af7870f6d04ef,2026-07-27T20:25:51.377Z
6a67c036e74af7870f6d04f0,2026-07-27T20:31:51.960Z
6a67c18704b99bae22a92e91,2026-07-27T20:37:29.192Z
6a67c1c404b99bae22a92e92,2026-07-27T20:38:31.345Z
6a67c2afe74af7870f6d04f1,2026-07-27T20:42:25.304Z
6a67c5a604b99bae22a92e94,2026-07-27T20:55:04.460Z
6a67c95d04b99bae22a92e95,2026-07-27T21:10:55.082Z
6a67cb61e74af7870f6d04f2,2026-07-27T21:19:31.514Z
6a67cb7c04b99bae22a92e96,2026-07-27T21:19:57.994Z
6a67cca8e74af7870f6d04f3,2026-07-27T21:24:58.030Z
6a67ce1de74af7870f6d04f4,2026-07-27T21:31:11.593Z
6a67cf7c04b99bae22a92e97,2026-07-27T21:37:02.549Z
6a67d04ce74af7870f6d04f5,2026-07-27T21:40:30.657Z
6a67d06904b99bae22a92e98,2026-07-27T21:40:59.933Z
6a67d100e74af7870f6d04f6,2026-07-27T21:43:30.025Z
6a67d2eb04b99bae22a92e9a,2026-07-27T21:51:41.732Z
6a67d35c04b99bae22a92e9b,2026-07-27T21:53:34.220Z
6a67d49504b99bae22a92e9c,2026-07-27T21:58:47.030Z
6a67d61de74af7870f6d04f8,2026-07-27T22:05:19.399Z
6a67d697e74af7870f6d04f9,2026-07-27T22:07:21.391Z
6a67d8e704b99bae22a92e9d,2026-07-27T22:17:12.666Z
6a67d97f04b99bae22a92e9e,2026-07-27T22:19:45.883Z
6a67d98604b99bae22a92e9f,2026-07-27T22:19:52.249Z
6a67da0704b99bae22a92ea0,2026-07-27T22:22:03.441Z
6a67df13e74af7870f6d04fb,2026-07-27T22:43:33.448Z
6a67e14504b99bae22a92ea1,2026-07-27T22:52:55.460Z
6a67e15c04b99bae22a92ea2,2026-07-27T22:53:18.829Z
6a67e263e74af7870f6d04fc,2026-07-27T22:57:41.412Z
6a67e44504b99bae22a92ea3,2026-07-27T23:05:43.207Z
6a67e4da04b99bae22a92ea4,2026-07-27T23:08:12.319Z
6a67e65ee74af7870f6d04fe,2026-07-27T23:14:40.137Z
6a67eabae74af7870f6d04ff,2026-07-27T23:33:16.718Z
6a67ebcde74af7870f6d0500,2026-07-27T23:37:51.666Z
6a67f31304b99bae22a92ea6,2026-07-28T00:08:53.031Z
6a67f361e74af7870f6d0502,2026-07-28T00:10:13.322Z
6a67f5ec04b99bae22a92ea7,2026-07-28T00:21:02.526Z
6a67f5f304b99bae22a92ea8,2026-07-28T00:21:10.645Z
6a67f75ae74af7870f6d0503,2026-07-28T00:27:08.217Z
6a67f8fae74af7870f6d0505,2026-07-28T00:34:03.969Z
6a67fa4604b99bae22a92eaa,2026-07-28T00:39:36.892Z
6a67fc6a04b99bae22a92eab,2026-07-28T00:48:45.066Z
6a67fd6c04b99bae22a92eac,2026-07-28T00:53:01.951Z
6a67ff3c04b99bae22a92ead,2026-07-28T01:00:45.997Z
6a67ff80e74af7870f6d0506,2026-07-28T01:01:54.760Z
6a68031804b99bae22a92eae,2026-07-28T01:17:14.486Z
6a68038f04b99bae22a92eaf,2026-07-28T01:19:13.149Z
6a6807ed04b99bae22a92eb2,2026-07-28T01:37:51.653Z
6a680d65e74af7870f6d0507,2026-07-28T02:01:12.007Z
6a680de9e74af7870f6d0508,2026-07-28T02:03:23.690Z
6a68118ae74af7870f6d0509,2026-07-28T02:18:51.699Z
6a6813e4e74af7870f6d050a,2026-07-28T02:28:54.691Z
6a68143704b99bae22a92eb3,2026-07-28T02:30:17.162Z
6a68165004b99bae22a92eb4,2026-07-28T02:39:14.279Z
6a68173104b99bae22a92eb5,2026-07-28T02:43:00.149Z
6a681a2ae74af7870f6d050b,2026-07-28T02:55:40.303Z
6a6821c204b99bae22a92eb6,2026-07-28T03:28:04.710Z
6a682446e74af7870f6d050f,2026-07-28T03:38:50.939Z
6a682550e74af7870f6d0510,2026-07-28T03:43:14.450Z
6a6829b6e74af7870f6d0512,2026-07-28T04:02:00.809Z
6a682c3be74af7870f6d0513,2026-07-28T04:12:45.798Z
6a682d00e74af7870f6d0514,2026-07-28T04:16:01.845Z
6a6832a004b99bae22a92eb7,2026-07-28T04:40:03.034Z
6a6832f5e74af7870f6d0515,2026-07-28T04:41:26.190Z
6a68346ce74af7870f6d0516,2026-07-28T04:47:42.735Z
6a68377004b99bae22a92eb8,2026-07-28T05:00:34.148Z
6a6837dce74af7870f6d0517,2026-07-28T05:02:22.403Z
6a68383704b99bae22a92eb9,2026-07-28T05:03:53.412Z
6a6838b0e74af7870f6d0518,2026-07-28T05:05:54.307Z
6a68390f04b99bae22a92eba,2026-07-28T05:07:29.652Z
6a68397304b99bae22a92ebb,2026-07-28T05:09:09.363Z
6a6839c404b99bae22a92ebc,2026-07-28T05:10:30.562Z
6a6839f1e74af7870f6d0519,2026-07-28T05:11:15.004Z
6a683a0d04b99bae22a92ebd,2026-07-28T05:11:42.922Z
6a683a5ee74af7870f6d051a,2026-07-28T05:13:04.210Z
6a683aa404b99bae22a92ebe,2026-07-28T05:14:14.567Z
6a683af104b99bae22a92ebf,2026-07-28T05:15:31.573Z
6a683b3d04b99bae22a92ec0,2026-07-28T05:16:47.110Z
6a683c7104b99bae22a92ec1,2026-07-28T05:21:55.345Z
6a683c7e04b99bae22a92ec2,2026-07-28T05:22:08.738Z
6a683e5704b99bae22a92ec3,2026-07-28T05:30:00.999Z
6a68402ae74af7870f6d051b,2026-07-28T05:37:48.721Z
6a68407fe74af7870f6d051c,2026-07-28T05:39:13.704Z
6a6841d304b99bae22a92ec4,2026-07-28T05:44:53.724Z
6a6842f8e74af7870f6d051d,2026-07-28T05:49:48.659Z
6a68453704b99bae22a92ec5,2026-07-28T05:59:22.059Z
6a68454ee74af7870f6d051e,2026-07-28T05:59:44.192Z
6a68462fe74af7870f6d051f,2026-07-28T06:03:29.218Z
6a6848e3e74af7870f6d0520,2026-07-28T06:15:01.756Z
6a684a11e74af7870f6d0521,2026-07-28T06:20:04.245Z
6a684feb04b99bae22a92ec7,2026-07-28T06:45:00.940Z
6a6853f0e74af7870f6d0522,2026-07-28T07:02:10.978Z
6a68558c04b99bae22a92ec9,2026-07-28T07:09:02.369Z
6a68566004b99bae22a92eca,2026-07-28T07:12:34.011Z
6a6856e904b99bae22a92ecb,2026-07-28T07:14:52.750Z
6a6858dae74af7870f6d0524,2026-07-28T07:23:08.489Z
6a6858dbe74af7870f6d0525,2026-07-28T07:23:08.823Z
6a685b0404b99bae22a92ece,2026-07-28T07:32:21.859Z
6a685d1804b99bae22a92ecf,2026-07-28T07:41:14.251Z
6a685edde74af7870f6d0527,2026-07-28T07:48:47.262Z
6a686de4e74af7870f6d0528,2026-07-28T08:52:55.274Z
6a686fb0e74af7870f6d0529,2026-07-28T09:00:34.742Z
6a68702004b99bae22a92ed2,2026-07-28T09:02:26.644Z
6a68707904b99bae22a92ed3,2026-07-28T09:03:55.720Z
6a68708304b99bae22a92ed4,2026-07-28T09:04:05.545Z
6a6870e6e74af7870f6d052a,2026-07-28T09:05:44.325Z
6a68714f04b99bae22a92ed5,2026-07-28T09:07:29.277Z
6a6871c8e74af7870f6d052b,2026-07-28T09:09:30.960Z
6a68722504b99bae22a92ed6,2026-07-28T09:11:03.283Z
6a68726c04b99bae22a92ed7,2026-07-28T09:12:14.446Z
6a6872ba04b99bae22a92ed8,2026-07-28T09:13:32.187Z
6a68730604b99bae22a92ed9,2026-07-28T09:14:48.162Z
6a687354e74af7870f6d052c,2026-07-28T09:16:06.662Z
6a6873a0e74af7870f6d052d,2026-07-28T09:17:22.449Z
6a6878dc04b99bae22a92eda,2026-07-28T09:39:42.234Z
6a68796fe74af7870f6d052f,2026-07-28T09:42:08.989Z
6a687b48e74af7870f6d0530,2026-07-28T09:50:02.094Z
6a687f75e74af7870f6d0531,2026-07-28T10:07:51.268Z
6a68810704b99bae22a92edc,2026-07-28T10:14:33.441Z
6a6881b204b99bae22a92edd,2026-07-28T10:17:23.974Z
6a68822ce74af7870f6d0532,2026-07-28T10:19:26.816Z
6a6882d7e74af7870f6d0533,2026-07-28T10:22:17.279Z
6a6883ff04b99bae22a92ede,2026-07-28T10:27:13.650Z
6a688420e74af7870f6d0534,2026-07-28T10:27:46.277Z
6a688487e74af7870f6d0535,2026-07-28T10:29:29.718Z
6a6884b404b99bae22a92edf,2026-07-28T10:30:13.904Z
6a6886f4e74af7870f6d0537,2026-07-28T10:39:51.041Z
6a688735e74af7870f6d0538,2026-07-28T10:40:54.704Z
6a6889fde74af7870f6d0539,2026-07-28T10:52:47.411Z
6a688aeee74af7870f6d053a,2026-07-28T10:56:48.573Z
6a688b78e74af7870f6d053b,2026-07-28T10:59:06.819Z
6a688bc004b99bae22a92ee3,2026-07-28T11:00:18.657Z
6a688c0ee74af7870f6d053d,2026-07-28T11:01:36.606Z
6a688d2c04b99bae22a92ee5,2026-07-28T11:06:22.193Z
6a688e3e04b99bae22a92ee6,2026-07-28T11:10:56.713Z
6a688eb204b99bae22a92ee8,2026-07-28T11:12:52.572Z
6a68934ae74af7870f6d053f,2026-07-28T11:32:28.162Z
6a6893d404b99bae22a92eec,2026-07-28T11:34:46.651Z
6a68947404b99bae22a92eed,2026-07-28T11:37:26.511Z
6a6894b1e74af7870f6d0540,2026-07-28T11:38:27.687Z
6a68960ae74af7870f6d0541,2026-07-28T11:44:12.520Z
6a689999e74af7870f6d0542,2026-07-28T11:59:23.416Z
6a689a45e74af7870f6d0543,2026-07-28T12:02:17.554Z
6a689b66e74af7870f6d0544,2026-07-28T12:07:06.501Z
6a689c2004b99bae22a92eee,2026-07-28T12:10:10.563Z
6a689d8104b99bae22a92eef,2026-07-28T12:16:04.057Z
6a689e76e74af7870f6d0545,2026-07-28T12:20:08.180Z
6a689e9804b99bae22a92ef0,2026-07-28T12:20:42.174Z
6a689fff04b99bae22a92ef2,2026-07-28T12:26:41.551Z
6a68a0e6e74af7870f6d0547,2026-07-28T12:30:32.487Z
6a68a198e74af7870f6d0548,2026-07-28T12:33:30.330Z
6a68a2b604b99bae22a92ef3,2026-07-28T12:38:16.895Z
6a68a44104b99bae22a92ef5,2026-07-28T12:44:51.753Z
6a68a80704b99bae22a92ef6,2026-07-28T13:00:58.274Z
6a68a86a04b99bae22a92ef7,2026-07-28T13:02:36.798Z
6a68a8d004b99bae22a92ef8,2026-07-28T13:04:18.606Z
6a68a92d04b99bae22a92ef9,2026-07-28T13:05:50.710Z
6a68a93204b99bae22a92efa,2026-07-28T13:05:56.838Z
6a68a94f04b99bae22a92efb,2026-07-28T13:06:25.711Z
6a68a992e74af7870f6d054c,2026-07-28T13:07:32.022Z
6a68a9b004b99bae22a92efc,2026-07-28T13:08:02.947Z
6a68a9efe74af7870f6d054d,2026-07-28T13:09:05.399Z
6a68aa36e74af7870f6d054e,2026-07-28T13:10:16.188Z
6a68aa4804b99bae22a92efd,2026-07-28T13:10:33.903Z
6a68aa9304b99bae22a92efe,2026-07-28T13:11:49.004Z
6a68aadee74af7870f6d054f,2026-07-28T13:13:04.713Z
6a68ab2804b99bae22a92f00,2026-07-28T13:14:18.479Z
6a68ab7a04b99bae22a92f01,2026-07-28T13:15:40.510Z
6a68abc904b99bae22a92f02,2026-07-28T13:16:59.503Z
6a68af0ce74af7870f6d0550,2026-07-28T13:30:54.083Z
6a68af79e74af7870f6d0551,2026-07-28T13:32:43.225Z
6a68af9ae74af7870f6d0552,2026-07-28T13:33:16.191Z
6a68b0b404b99bae22a92f05,2026-07-28T13:37:58.492Z
6a68b108e74af7870f6d0553,2026-07-28T13:39:22.913Z
6a68b1afe74af7870f6d0554,2026-07-28T13:42:09.230Z
6a68b37f04b99bae22a92f08,2026-07-28T13:49:53.095Z
6a68b55be74af7870f6d0555,2026-07-28T13:57:49.537Z
6a68b5a004b99bae22a92f09,2026-07-28T13:58:58.530Z
6a68b63204b99bae22a92f0a,2026-07-28T14:01:24.634Z
6a68b6b904b99bae22a92f0b,2026-07-28T14:03:39.204Z
6a68b7fae74af7870f6d0556,2026-07-28T14:09:01.848Z
6a68b8ade74af7870f6d0557,2026-07-28T14:12:00.325Z
6a68ba07e74af7870f6d0558,2026-07-28T14:17:46.076Z
6a68bc93e74af7870f6d0559,2026-07-28T14:28:37.843Z
6a68bd6904b99bae22a92f0e,2026-07-28T14:32:11.091Z
6a68be7504b99bae22a92f0f,2026-07-28T14:36:39.489Z
6a68bf8a04b99bae22a92f10,2026-07-28T14:41:16.755Z
6a68c10de74af7870f6d055a,2026-07-28T14:47:43.529Z
6a68c3cb04b99bae22a92f11,2026-07-28T14:59:25.720Z
6a68c6c0e74af7870f6d055b,2026-07-28T15:12:02.786Z
6a68c7d904b99bae22a92f12,2026-07-28T15:16:43.440Z
6a68c84ce74af7870f6d055d,2026-07-28T15:18:37.956Z
6a68c98904b99bae22a92f13,2026-07-28T15:23:57.856Z
6a68c9c7e74af7870f6d055e,2026-07-28T15:24:57.415Z
6a68ce9904b99bae22a92f14,2026-07-28T15:45:31.998Z
6a68ceca04b99bae22a92f15,2026-07-28T15:46:21.262Z
6a68ceede74af7870f6d055f,2026-07-28T15:46:55.809Z
6a68cf2604b99bae22a92f16,2026-07-28T15:47:53Z
6a68cf2ce74af7870f6d0560,2026-07-28T15:47:58.612Z
6a68d3e3e74af7870f6d0561,2026-07-28T16:08:05.515Z
6a68d48ee74af7870f6d0562,2026-07-28T16:10:56.519Z
6a68d598e74af7870f6d0563,2026-07-28T16:15:22.915Z
6a68d61604b99bae22a92f18,2026-07-28T16:17:27.948Z
6a68d624e74af7870f6d0564,2026-07-28T16:17:41.982Z
6a68d985e74af7870f6d0566,2026-07-28T16:32:07.777Z
6a68dbbfe74af7870f6d0567,2026-07-28T16:41:37.919Z
6a68dcfe04b99bae22a92f1a,2026-07-28T16:46:56.440Z
6a68dd3604b99bae22a92f1b,2026-07-28T16:47:52.485Z
6a68ddd4e74af7870f6d0568,2026-07-28T16:50:30.230Z
6a68df94e74af7870f6d0569,2026-07-28T16:58:00.295Z
6a68e06204b99bae22a92f1c,2026-07-28T17:01:24.002Z
6a68e0d4e74af7870f6d056a,2026-07-28T17:03:18.493Z
6a68e12d04b99bae22a92f1d,2026-07-28T17:04:47.681Z
6a68e13a04b99bae22a92f1e,2026-07-28T17:05:00.338Z
6a68e19b04b99bae22a92f1f,2026-07-28T17:06:37.320Z
6a68e1ffe74af7870f6d056b,2026-07-28T17:08:17.457Z
6a68e23304b99bae22a92f20,2026-07-28T17:09:08.840Z
6a68e25ce74af7870f6d056c,2026-07-28T17:09:49.978Z
6a68e2b404b99bae22a92f21,2026-07-28T17:11:17.723Z
6a68e2cd04b99bae22a92f22,2026-07-28T17:11:46.374Z
6a68e2fbe74af7870f6d056d,2026-07-28T17:12:29.523Z
6a68e346e74af7870f6d056e,2026-07-28T17:13:44.850Z
6a68e393e74af7870f6d056f,2026-07-28T17:15:01.497Z
6a68e3e5e74af7870f6d0570,2026-07-28T17:16:24.124Z
6a68e430e74af7870f6d0571,2026-07-28T17:17:38.662Z
6a68e50504b99bae22a92f23,2026-07-28T17:21:11.155Z
6a68e51ee74af7870f6d0573,2026-07-28T17:21:36.187Z
6a68e720e74af7870f6d0575,2026-07-28T17:30:10.179Z
6a68e7b0e74af7870f6d0576,2026-07-28T17:32:33.872Z
6a68e7c4e74af7870f6d0577,2026-07-28T17:32:54.886Z
6a68e80904b99bae22a92f24,2026-07-28T17:34:03.170Z
6a68e81004b99bae22a92f25,2026-07-28T17:34:10.794Z
6a68e8ece74af7870f6d0578,2026-07-28T17:37:50.161Z
6a68ea1c04b99bae22a92f26,2026-07-28T17:42:53.904Z
6a68eb1ce74af7870f6d057a,2026-07-28T17:47:13.345Z
6a68eb5b04b99bae22a92f27,2026-07-28T17:48:15.709Z
6a68ec27e74af7870f6d057b,2026-07-28T17:51:37.027Z
6a68ee52e74af7870f6d057c,2026-07-28T18:00:51.993Z
6a68ef1f04b99bae22a92f28,2026-07-28T18:04:16.639Z
6a68ef42e74af7870f6d057e,2026-07-28T18:04:54.846Z
6a68f05b04b99bae22a92f29,2026-07-28T18:09:33.210Z
6a68f452e74af7870f6d0580,2026-07-28T18:26:28.510Z
6a68f4be04b99bae22a92f2a,2026-07-28T18:28:16.717Z
6a68f569e74af7870f6d0581,2026-07-28T18:31:07.627Z
6a68f590e74af7870f6d0582,2026-07-28T18:31:46.218Z
6a68f6c7e74af7870f6d0583,2026-07-28T18:36:57.277Z
6a68f70e04b99bae22a92f2b,2026-07-28T18:38:09.415Z
6a68f804e74af7870f6d0584,2026-07-28T18:42:13.780Z
6a68f82404b99bae22a92f2c,2026-07-28T18:42:45.697Z
6a68fa9904b99bae22a92f2d,2026-07-28T18:53:15.288Z
6a68fbbb04b99bae22a92f2e,2026-07-28T18:58:08.046Z
6a68fc3a04b99bae22a92f2f,2026-07-28T19:00:12.688Z
6a68fda9e74af7870f6d0585,2026-07-28T19:06:19.213Z
6a68fe2ce74af7870f6d0586,2026-07-28T19:08:29.977Z
6a68fee504b99bae22a92f30,2026-07-28T19:11:36.349Z
6a68ff1104b99bae22a92f31,2026-07-28T19:12:19.213Z
6a690242e74af7870f6d0587,2026-07-28T19:25:56.618Z
6a69045804b99bae22a92f32,2026-07-28T19:34:50.539Z
6a6904c604b99bae22a92f33,2026-07-28T19:36:40.776Z
6a69056e04b99bae22a92f35,2026-07-28T19:39:28.630Z
6a690608e74af7870f6d0588,2026-07-28T19:42:01.556Z
6a69068de74af7870f6d0589,2026-07-28T19:44:15.772Z
6a69071504b99bae22a92f36,2026-07-28T19:46:31.592Z
6a690a1d04b99bae22a92f37,2026-07-28T19:59:30.624Z
6a690a67e74af7870f6d058b,2026-07-28T20:00:43.624Z
6a690dbd04b99bae22a92f38,2026-07-28T20:14:55.803Z
6a690e4fe74af7870f6d058f,2026-07-28T20:17:21.252Z
6a690f5704b99bae22a92f39,2026-07-28T20:21:45.792Z
6a6911b404b99bae22a92f3a,2026-07-28T20:31:49.960Z
6a6911d104b99bae22a92f3b,2026-07-28T20:32:19.917Z
6a69147de74af7870f6d0592,2026-07-28T20:43:43.416Z
6a69171404b99bae22a92f3c,2026-07-28T20:54:46.194Z
6a69176604b99bae22a92f3e,2026-07-28T20:56:08.446Z
6a6919cf04b99bae22a92f40,2026-07-28T21:06:24.789Z
6a691b7be74af7870f6d0593,2026-07-28T21:13:33.712Z
6a691dd504b99bae22a92f45,2026-07-28T21:23:36.043Z
6a691fa804b99bae22a92f47,2026-07-28T21:31:22.522Z
6a691fd0e74af7870f6d0599,2026-07-28T21:32:02.711Z
6a69211b04b99bae22a92f48,2026-07-28T21:37:33.488Z
6a69228904b99bae22a92f49,2026-07-28T21:43:41.935Z
6a6922b404b99bae22a92f4a,2026-07-28T21:44:22.655Z
6a6922b704b99bae22a92f4b,2026-07-28T21:44:25.932Z
6a6924b4e74af7870f6d059a,2026-07-28T21:52:54.521Z
6a69266804b99bae22a92f4c,2026-07-28T22:00:10.771Z
6a692ad2e74af7870f6d059b,2026-07-28T22:19:00.178Z
6a692b82e74af7870f6d059c,2026-07-28T22:21:56.368Z
6a692f67e74af7870f6d059d,2026-07-28T22:38:33.366Z
6a6930b4e74af7870f6d059e,2026-07-28T22:44:06.302Z
6a6934abe74af7870f6d059f,2026-07-28T23:01:01.398Z
6a69350e04b99bae22a92f4d,2026-07-28T23:02:39.680Z
6a69391704b99bae22a92f50,2026-07-28T23:19:53.508Z
6a6939d404b99bae22a92f51,2026-07-28T23:23:02.717Z
6a693cb6e74af7870f6d05a0,2026-07-28T23:35:20.861Z
6a693ea204b99bae22a92f52,2026-07-28T23:43:31.933Z
6a694128e74af7870f6d05a2,2026-07-28T23:54:17.988Z
6a6941a704b99bae22a92f54,2026-07-28T23:56:25.130Z
6a69483fe74af7870f6d05a4,2026-07-29T00:24:33.737Z
6a6949b804b99bae22a92f56,2026-07-29T00:30:50.776Z
6a694ed4e74af7870f6d05a5,2026-07-29T00:52:39.059Z
6a695154e74af7870f6d05a7,2026-07-29T01:03:17.780Z
6a69525304b99bae22a92f58,2026-07-29T01:07:33.807Z
6a6953b404b99bae22a92f59,2026-07-29T01:13:26.715Z
6a6955fc04b99bae22a92f5a,2026-07-29T01:23:09.975Z
6a695686e74af7870f6d05a8,2026-07-29T01:25:27.698Z
6a6957b504b99bae22a92f5b,2026-07-29T01:30:31.492Z
6a695b4ee74af7870f6d05a9,2026-07-29T01:45:51.787Z
6a695c79e74af7870f6d05aa,2026-07-29T01:50:54.011Z
6a695ef304b99bae22a92f5d,2026-07-29T02:01:25.350Z
6a69659ce74af7870f6d05ac,2026-07-29T02:29:50.264Z
6a69686de74af7870f6d05ad,2026-07-29T02:41:51.464Z
6a6968a1e74af7870f6d05ae,2026-07-29T02:42:43.859Z
6a696aaee74af7870f6d05af,2026-07-29T02:51:27.959Z
6a696c18e74af7870f6d05b0,2026-07-29T02:57:30.465Z
6a696c6f04b99bae22a92f5f,2026-07-29T02:58:57.312Z
6a696cd2e74af7870f6d05b1,2026-07-29T03:00:36.485Z
6a696ce8e74af7870f6d05b2,2026-07-29T03:01:01.173Z
6a69709d04b99bae22a92f60,2026-07-29T03:16:47.480Z
6a69757f04b99bae22a92f61,2026-07-29T03:37:36.940Z
6a697a4ce74af7870f6d05b3,2026-07-29T03:58:06.549Z
6a697e59e74af7870f6d05b5,2026-07-29T04:15:23.014Z
6a69800d04b99bae22a92f62,2026-07-29T04:22:38.635Z
6a69831804b99bae22a92f63,2026-07-29T04:35:38.547Z
6a69890104b99bae22a92f64,2026-07-29T05:00:51.666Z
6a69896704b99bae22a92f65,2026-07-29T05:02:32.937Z
6a6989c8e74af7870f6d05b7,2026-07-29T05:04:10.676Z
6a698a2a04b99bae22a92f66,2026-07-29T05:05:48.615Z
6a698a98e74af7870f6d05b8,2026-07-29T05:07:38.358Z
6a698b2ce74af7870f6d05b9,2026-07-29T05:10:06.543Z
6a698b8a04b99bae22a92f67,2026-07-29T05:11:39.756Z
6a698bd8e74af7870f6d05ba,2026-07-29T05:12:58.320Z
6a698c2804b99bae22a92f68,2026-07-29T05:14:18.133Z
6a698c78e74af7870f6d05bb,2026-07-29T05:15:38.096Z
6a698cc4e74af7870f6d05bc,2026-07-29T05:16:54.882Z
6a698d14e74af7870f6d05bd,2026-07-29T05:18:14.164Z
6a698df8e74af7870f6d05c0,2026-07-29T05:22:02.167Z
6a698ea104b99bae22a92f69,2026-07-29T05:24:51.145Z
6a69965404b99bae22a92f6a,2026-07-29T05:57:41.798Z
6a699990e74af7870f6d05c1,2026-07-29T06:11:30.787Z
6a699c7b04b99bae22a92f6b,2026-07-29T06:23:57.268Z
6a69a28304b99bae22a92f6c,2026-07-29T06:49:41.580Z
6a69a479e74af7870f6d05c2,2026-07-29T06:58:03.004Z
6a69a4fe04b99bae22a92f6e,2026-07-29T07:00:16.485Z
6a69a6d9e74af7870f6d05c3,2026-07-29T07:08:11.222Z
6a69a730e74af7870f6d05c4,2026-07-29T07:09:40.764Z
6a69a73404b99bae22a92f6f,2026-07-29T07:09:42.955Z
6a69a76f04b99bae22a92f70,2026-07-29T07:10:40.893Z
6a69a779e74af7870f6d05c5,2026-07-29T07:10:53.614Z
6a69a89904b99bae22a92f73,2026-07-29T07:15:39.131Z
6a69a91604b99bae22a92f74,2026-07-29T07:17:44.408Z
6a69a93ce74af7870f6d05c6,2026-07-29T07:18:22.468Z
6a69b20304b99bae22a92f75,2026-07-29T07:55:51.601Z
6a69b4a5e74af7870f6d05c8,2026-07-29T08:07:03.176Z
6a69b5cbe74af7870f6d05c9,2026-07-29T08:11:57.791Z
6a69b5f34b644ce1c3495bc0,2026-07-29T08:12:35.524Z
6a69bd8f04b99bae22a92f77,2026-07-29T08:45:04.964Z
6a69be6904b99bae22a92f79,2026-07-29T08:48:43.926Z
6a69bee804b99bae22a92f7a,2026-07-29T08:50:50.128Z
6a69bf32e74af7870f6d05cc,2026-07-29T08:52:04.035Z
6a69bf8ee74af7870f6d05cd,2026-07-29T08:53:35.693Z
6a69bfade74af7870f6d05ce,2026-07-29T08:54:07.688Z
6a69c042e74af7870f6d05cf,2026-07-29T08:56:38.550Z
6a69c14004b99bae22a92f7b,2026-07-29T09:00:50.826Z
6a69c14ae74af7870f6d05d0,2026-07-29T09:01:00.929Z
6a69c19c04b99bae22a92f7c,2026-07-29T09:02:22.086Z
6a69c1ffe74af7870f6d05d1,2026-07-29T09:04:01.319Z
6a69c263e74af7870f6d05d3,2026-07-29T09:05:41.562Z
6a69c2c504b99bae22a92f7d,2026-07-29T09:07:19.263Z
6a69c2fd04b99bae22a92f7e,2026-07-29T09:08:15.761Z
6a69c321e74af7870f6d05d4,2026-07-29T09:08:50.572Z
6a69c377e74af7870f6d05d5,2026-07-29T09:10:16.922Z
6a69c3c5e74af7870f6d05d6,2026-07-29T09:11:35.567Z
6a69c414e74af7870f6d05d7,2026-07-29T09:12:54.183Z
6a69c45f04b99bae22a92f7f,2026-07-29T09:14:09.807Z
6a69c4b0e74af7870f6d05d8,2026-07-29T09:15:29.923Z
6a69c4fce74af7870f6d05d9,2026-07-29T09:16:45.659Z
6a69c841e74af7870f6d05db,2026-07-29T09:30:43.234Z
6a69cdf1e74af7870f6d05dd,2026-07-29T09:54:59.524Z
6a69d215e74af7870f6d05de,2026-07-29T10:12:39.211Z
6a69d776e74af7870f6d05e0,2026-07-29T10:35:36.089Z
6a69d7ebe74af7870f6d05e2,2026-07-29T10:37:32.658Z
6a69d880e74af7870f6d05e3,2026-07-29T10:40:03.099Z
6a69d8cbe74af7870f6d05e4,2026-07-29T10:41:16.743Z
6a69dc4f04b99bae22a92f80,2026-07-29T10:56:16.624Z
6a69e0afe74af7870f6d05e5,2026-07-29T11:14:57.320Z
6a69e0b504b99bae22a92f82,2026-07-29T11:15:03.367Z
6a69e11104b99bae22a92f83,2026-07-29T11:16:35.094Z
6a69e15f04b99bae22a92f84,2026-07-29T11:17:52.649Z
6a69e192e74af7870f6d05e6,2026-07-29T11:18:44.962Z
6a69e956e74af7870f6d05e7,2026-07-29T11:51:53.078Z
6a69ec5504b99bae22a92f86,2026-07-29T12:04:39.430Z
6a69ee2104b99bae22a92f88,2026-07-29T12:12:19.877Z
6a69f3a5e74af7870f6d05e9,2026-07-29T12:35:51.829Z
6a69f3dbe74af7870f6d05ea,2026-07-29T12:36:45.440Z
6a69f51604b99bae22a92f8a,2026-07-29T12:42:01.480Z
6a69f5d1e74af7870f6d05eb,2026-07-29T12:45:07.067Z
6a69f8a604b99bae22a92f8c,2026-07-29T12:57:12.708Z
6a69f8f9e74af7870f6d05ec,2026-07-29T12:58:34.919Z
6a69f983e74af7870f6d05ed,2026-07-29T13:00:53.711Z
6a69f9fae74af7870f6d05ee,2026-07-29T13:02:51.748Z
6a69fa5fe74af7870f6d05ef,2026-07-29T13:04:33.668Z
6a69fa78e74af7870f6d05f0,2026-07-29T13:04:58.187Z
6a69fabbe74af7870f6d05f1,2026-07-29T13:06:07.181Z
6a69fac3e74af7870f6d05f2,2026-07-29T13:06:13.437Z
6a69fb2604b99bae22a92f8d,2026-07-29T13:07:52.284Z
6a69fb8804b99bae22a92f8e,2026-07-29T13:09:31.070Z
6a69fbefe74af7870f6d05f3,2026-07-29T13:11:13.713Z
6a69fc43e74af7870f6d05f4,2026-07-29T13:12:37.193Z
6a69fc97e74af7870f6d05f5,2026-07-29T13:14:01.124Z
6a69fce6e74af7870f6d05f6,2026-07-29T13:15:20.393Z
6a69fd36e74af7870f6d05f7,2026-07-29T13:16:40.361Z
6a69fd87e74af7870f6d05f8,2026-07-29T13:18:01.510Z
6a6a03e2e74af7870f6d05f9,2026-07-29T13:45:08.699Z
6a6a05dbe74af7870f6d05fb,2026-07-29T13:53:33.868Z
6a6a08f4e74af7870f6d05fc,2026-07-29T14:06:45.854Z
6a6a0e01e74af7870f6d05fd,2026-07-29T14:28:19.359Z
6a6a0e7c04b99bae22a92f90,2026-07-29T14:30:21.982Z
6a6a111b04b99bae22a92f91,2026-07-29T14:41:35.501Z
6a6a137104b99bae22a92f92,2026-07-29T14:51:31.415Z
6a6a181ce74af7870f6d05fe,2026-07-29T15:11:26.322Z
6a6a18c4e74af7870f6d05ff,2026-07-29T15:14:14.908Z
6a6a194904b99bae22a92f94,2026-07-29T15:16:27.490Z
6a6a1d5a04b99bae22a92f95,2026-07-29T15:33:48.046Z
6a6a1d5d04b99bae22a92f96,2026-07-29T15:33:53.592Z
6a6a1e54e74af7870f6d0601,2026-07-29T15:37:59.521Z
6a6a1efd04b99bae22a92f97,2026-07-29T15:40:47.119Z
6a6a1f63e74af7870f6d0602,2026-07-29T15:42:32.927Z
6a6a212d04b99bae22a92f98,2026-07-29T15:50:08.114Z
6a6a2a2ce74af7870f6d0605,2026-07-29T16:28:31.153Z
6a6a2a66e74af7870f6d0606,2026-07-29T16:29:28.604Z
6a6a2a8004b99bae22a92f9c,2026-07-29T16:29:54.141Z
6a6a2db604b99bae22a92f9d,2026-07-29T16:43:36.057Z
6a6a2fc604b99bae22a92f9e,2026-07-29T16:52:24.952Z
6a6a302604b99bae22a92f9f,2026-07-29T16:54:00.137Z
6a6a3121e74af7870f6d0607,2026-07-29T16:58:11.557Z
6a6a312de74af7870f6d0608,2026-07-29T16:58:23.209Z
6a6a317204b99bae22a92fa0,2026-07-29T16:59:32.324Z
6a6a31c1e74af7870f6d0609,2026-07-29T17:00:51.330Z
6a6a322c04b99bae22a92fa2,2026-07-29T17:02:38.039Z
6a6a3291e74af7870f6d060a,2026-07-29T17:04:19.652Z
6a6a32efe74af7870f6d060b,2026-07-29T17:05:53.229Z
6a6a334e04b99bae22a92fa3,2026-07-29T17:07:28.572Z
6a6a339ae74af7870f6d060c,2026-07-29T17:08:44.317Z
6a6a33aee74af7870f6d060d,2026-07-29T17:09:04.617Z
6a6a340104b99bae22a92fa4,2026-07-29T17:10:27.293Z
6a6a3408e74af7870f6d060e,2026-07-29T17:10:34.735Z
6a6a3457e74af7870f6d0610,2026-07-29T17:11:53.474Z
6a6a34a404b99bae22a92fa5,2026-07-29T17:13:10.755Z
6a6a34b8e74af7870f6d0612,2026-07-29T17:13:30.015Z
6a6a34f4e74af7870f6d0613,2026-07-29T17:14:30.403Z
6a6a352ae74af7870f6d0614,2026-07-29T17:15:25.522Z
6a6a3548e74af7870f6d0615,2026-07-29T17:15:54.274Z
6a6a359504b99bae22a92fa6,2026-07-29T17:17:11.709Z
6a6a369ae74af7870f6d0616,2026-07-29T17:21:32.672Z
6a6a37b904b99bae22a92fa7,2026-07-29T17:26:21.434Z
6a6a3ab904b99bae22a92fa8,2026-07-29T17:39:06.986Z
6a6a3bdde74af7870f6d0617,2026-07-29T17:43:59.512Z
6a6a3d64e74af7870f6d0618,2026-07-29T17:50:30.200Z
6a6a3f5ae74af7870f6d0619,2026-07-29T17:58:52.821Z
6a6a3f9904b99bae22a92faa,2026-07-29T17:59:55.223Z
6a6a404ae74af7870f6d061a,2026-07-29T18:02:52.778Z
6a6a412b04b99bae22a92fab,2026-07-29T18:06:37.741Z
6a6a432304b99bae22a92fac,2026-07-29T18:15:02.071Z
6a6a442504b99bae22a92fad,2026-07-29T18:19:19.280Z
6a6a444104b99bae22a92fae,2026-07-29T18:19:47.239Z
6a6a44bce74af7870f6d061b,2026-07-29T18:21:49.930Z
6a6a45e8e74af7870f6d061c,2026-07-29T18:26:50.862Z
6a6a466404b99bae22a92faf,2026-07-29T18:28:54.110Z
6a6a47b304b99bae22a92fb1,2026-07-29T18:34:32.096Z
6a6a485de74af7870f6d061d,2026-07-29T18:37:19.479Z
6a6a48f2e74af7870f6d061e,2026-07-29T18:39:48.142Z
6a6a4903e74af7870f6d061f,2026-07-29T18:40:05.364Z
6a6a4a13e74af7870f6d0622,2026-07-29T18:44:37.760Z
6a6a4a4904b99bae22a92fb2,2026-07-29T18:45:33.914Z
6a6a4b4de74af7870f6d0625,2026-07-29T18:49:50.859Z
6a6a4b7004b99bae22a92fb3,2026-07-29T18:50:27.528Z
6a6a4c88e74af7870f6d0626,2026-07-29T18:55:06.841Z
6a6a4efce74af7870f6d0627,2026-07-29T19:05:35.171Z
6a6a4f23e74af7870f6d0628,2026-07-29T19:06:13.309Z
6a6a4f9fe74af7870f6d0629,2026-07-29T19:08:17.414Z
6a6a532e04b99bae22a92fb5,2026-07-29T19:23:28.012Z
6a6a541604b99bae22a92fb6,2026-07-29T19:27:20.173Z
6a6a54ce04b99bae22a92fb8,2026-07-29T19:30:24.582Z
6a6a590e04b99bae22a92fb9,2026-07-29T19:48:32.401Z
6a6a5990e74af7870f6d062b,2026-07-29T19:50:44.908Z
6a6a5a1e04b99bae22a92fba,2026-07-29T19:53:04.566Z
6a6a5a4b04b99bae22a92fbb,2026-07-29T19:53:50.073Z
6a6a5b1504b99bae22a92fbc,2026-07-29T19:57:13.848Z
6a6a5b6804b99bae22a92fbd,2026-07-29T19:58:34.164Z
6a6a608104b99bae22a92fbe,2026-07-29T20:20:20.377Z
6a6a644804b99bae22a92fbf,2026-07-29T20:36:26.188Z
6a6a669be74af7870f6d062c,2026-07-29T20:46:21.968Z
6a6a66d104b99bae22a92fc1,2026-07-29T20:47:15.548Z
6a6a67bce74af7870f6d062d,2026-07-29T20:51:10.472Z
6a6a680ce74af7870f6d062e,2026-07-29T20:52:29.831Z
6a6a69b104b99bae22a92fc2,2026-07-29T20:59:31.505Z
6a6a6bc9e74af7870f6d062f,2026-07-29T21:08:27.128Z
6a6a6be204b99bae22a92fc3,2026-07-29T21:08:54.175Z
6a6a6c6d04b99bae22a92fc4,2026-07-29T21:11:11.610Z
6a6a724d8a1e7cb1ede74278,2026-07-29T21:36:13.869Z
6a6a728704b99bae22a92fc5,2026-07-29T21:37:13.792Z
6a6a742404b99bae22a92fc6,2026-07-29T21:44:06.766Z
6a6a794f04b99bae22a92fc8,2026-07-29T22:06:09.555Z
6a6a7ad2e74af7870f6d0630,2026-07-29T22:12:36.663Z
6a6a7c4804b99bae22a92fc9,2026-07-29T22:18:50.434Z
6a6a7d7fe74af7870f6d0631,2026-07-29T22:24:01.714Z
6a6a829204b99bae22a92fcb,2026-07-29T22:45:43.881Z
6a6a856204b99bae22a92fcc,2026-07-29T22:57:40.055Z
6a6a8b9f04b99bae22a92fcd,2026-07-29T23:24:17.277Z
6a6a9114e74af7870f6d0633,2026-07-29T23:47:34.819Z
6a6a940ae74af7870f6d0635,2026-07-30T00:00:12.624Z
6a6a9837e74af7870f6d0637,2026-07-30T00:18:01.130Z
6a6a99d9e74af7870f6d0638,2026-07-30T00:24:59.306Z
6a6a99f704b99bae22a92fd0,2026-07-30T00:25:29.014Z
6a6a9b89e74af7870f6d0639,2026-07-30T00:32:11.407Z
6a6a9d06e74af7870f6d063a,2026-07-30T00:38:32.552Z
6a6aa6c9e74af7870f6d063b,2026-07-30T01:20:11.661Z
6a6aa9aee74af7870f6d063c,2026-07-30T01:32:32.835Z
6a6aac3704b99bae22a92fd1,2026-07-30T01:43:21.819Z
6a6aac7c04b99bae22a92fd2,2026-07-30T01:44:30.645Z
6a6aaea6e74af7870f6d063d,2026-07-30T01:53:44.803Z
6a6aafb4e74af7870f6d063e,2026-07-30T01:58:14.727Z
6a6ab09804b99bae22a92fd3,2026-07-30T02:02:05.380Z
6a6ab19604b99bae22a92fd4,2026-07-30T02:06:16.218Z
6a6ab2ade74af7870f6d063f,2026-07-30T02:10:55.674Z
6a6ab4fbe74af7870f6d0640,2026-07-30T02:20:45.928Z
6a6ab6a6e74af7870f6d0641,2026-07-30T02:27:52.261Z
6a6ab718e74af7870f6d0642,2026-07-30T02:29:45.811Z
6a6abccb04b99bae22a92fd5,2026-07-30T02:54:05.689Z
6a6abe5904b99bae22a92fd6,2026-07-30T03:00:44.580Z
6a6ac39504b99bae22a92fd7,2026-07-30T03:23:02.884Z
6a6ac50de74af7870f6d0643,2026-07-30T03:29:20.333Z
6a6ac53504b99bae22a92fd8,2026-07-30T03:29:59.984Z
6a6ace3904b99bae22a92fd9,2026-07-30T04:08:30.783Z
6a6ad07104b99bae22a92fda,2026-07-30T04:17:54.569Z
6a6ad0d9e74af7870f6d0644,2026-07-30T04:19:39.164Z
6a6ada94e74af7870f6d0646,2026-07-30T05:01:11.015Z
6a6adaa804b99bae22a92fdb,2026-07-30T05:01:30.546Z
6a6adaf3e74af7870f6d0647,2026-07-30T05:02:45.259Z
6a6adb5204b99bae22a92fdc,2026-07-30T05:04:20.856Z
6a6adbade74af7870f6d0648,2026-07-30T05:05:50.882Z
6a6adc0704b99bae22a92fdd,2026-07-30T05:07:21.815Z
6a6adc6104b99bae22a92fde,2026-07-30T05:08:51.598Z
6a6adc8004b99bae22a92fdf,2026-07-30T05:09:22.367Z
6a6adcb6e74af7870f6d0649,2026-07-30T05:10:16.658Z
6a6add03e74af7870f6d064a,2026-07-30T05:11:32.841Z
6a6add4e04b99bae22a92fe0,2026-07-30T05:12:48.420Z
6a6add9b04b99bae22a92fe1,2026-07-30T05:14:04.649Z
6a6addfae74af7870f6d064b,2026-07-30T05:15:40.124Z
6a6ade45e74af7870f6d064c,2026-07-30T05:16:54.856Z
6a6ae0ff04b99bae22a92fe2,2026-07-30T05:28:33.429Z
6a6ae65904b99bae22a92fe3,2026-07-30T05:51:23.714Z
6a6af2cc04b99bae22a92fe5,2026-07-30T06:44:30.445Z
6a6af34e04b99bae22a92fe6,2026-07-30T06:46:42.804Z
6a6af6ff04b99bae22a92fe7,2026-07-30T07:02:25.913Z
6a6afeba04b99bae22a92fe8,2026-07-30T07:35:24.817Z
6a6aff35e74af7870f6d064d,2026-07-30T07:37:26.875Z
6a6aff7be74af7870f6d064e,2026-07-30T07:38:37.513Z
6a6b007fe74af7870f6d064f,2026-07-30T07:42:57.305Z
6a6b017904b99bae22a92fea,2026-07-30T07:47:06.619Z
6a6b03fae74af7870f6d0650,2026-07-30T07:57:47.953Z
6a6b067804b99bae22a92feb,2026-07-30T08:08:25.704Z
6a6b070fe74af7870f6d0651,2026-07-30T08:10:57.641Z
6a6b0804e74af7870f6d0652,2026-07-30T08:15:01.879Z
6a6b0911e74af7870f6d0654,2026-07-30T08:19:31.934Z
6a6b092d04b99bae22a92fec,2026-07-30T08:19:58.929Z
6a6b09ece74af7870f6d0655,2026-07-30T08:23:10.560Z
6a6b0a63e74af7870f6d0656,2026-07-30T08:25:09.083Z
6a6b0d23e74af7870f6d0657,2026-07-30T08:36:53.494Z
6a6b0e1504b99bae22a92fed,2026-07-30T08:40:55.783Z
6a6b0e2404b99bae22a92fee,2026-07-30T08:41:10.425Z
6a6b10c804b99bae22a92fef,2026-07-30T08:52:25.714Z
6a6b12c8e74af7870f6d0658,2026-07-30T09:00:57.995Z
6a6b132704b99bae22a92ff0,2026-07-30T09:02:32.888Z
6a6b134104b99bae22a92ff1,2026-07-30T09:03:00.777Z
6a6b1369e74af7870f6d0659,2026-07-30T09:03:38.994Z
6a6b1386e74af7870f6d065a,2026-07-30T09:04:08.369Z
6a6b13de04b99bae22a92ff3,2026-07-30T09:05:35.975Z
6a6b143be74af7870f6d065b,2026-07-30T09:07:09.206Z
6a6b1495e74af7870f6d065c,2026-07-30T09:08:39.563Z
6a6b14e704b99bae22a92ff4,2026-07-30T09:10:01.784Z
6a6b1535e74af7870f6d065d,2026-07-30T09:11:19.515Z
6a6b158404b99bae22a92ff5,2026-07-30T09:12:38.103Z
6a6b15bb04b99bae22a92ff6,2026-07-30T09:13:33.003Z
6a6b15dc04b99bae22a92ff7,2026-07-30T09:14:06.662Z
6a6b162804b99bae22a92ff8,2026-07-30T09:15:22.594Z
6a6b1673e74af7870f6d065e,2026-07-30T09:16:37.332Z
6a6b19d5e74af7870f6d065f,2026-07-30T09:31:03.079Z
6a6b1a8c04b99bae22a92ffa,2026-07-30T09:34:06.419Z
6a6b1b3704b99bae22a92ffb,2026-07-30T09:36:57.184Z
6a6b1f9b04b99bae22a92ffe,2026-07-30T09:55:40.964Z
6a6b259ee74af7870f6d0660,2026-07-30T10:21:19.985Z
6a6b26f6e74af7870f6d0661,2026-07-30T10:27:04.334Z
6a6b271704b99bae22a92fff,2026-07-30T10:27:37.781Z
6a6b284004b99bae22a93000,2026-07-30T10:32:35.043Z
6a6b2858e74af7870f6d0662,2026-07-30T10:32:57.985Z
6a6b286a04b99bae22a93001,2026-07-30T10:33:16.248Z
6a6b29dde74af7870f6d0665,2026-07-30T10:39:27.060Z
6a6b2a04e74af7870f6d0666,2026-07-30T10:40:06.334Z
6a6b2ab4e74af7870f6d0667,2026-07-30T10:43:02.053Z
6a6b2dbbe74af7870f6d0668,2026-07-30T10:55:57.185Z
6a6b2e3a04b99bae22a93003,2026-07-30T10:58:04.766Z
6a6b3236e74af7870f6d066a,2026-07-30T11:15:04.378Z
6a6b3868e74af7870f6d066b,2026-07-30T11:41:30.655Z
6a6b3c7a04b99bae22a93006,2026-07-30T11:58:52.512Z
6a6b3d47e74af7870f6d066c,2026-07-30T12:02:17.107Z
6a6b407b04b99bae22a93007,2026-07-30T12:15:57.936Z
6a6b4235e74af7870f6d066d,2026-07-30T12:23:19.168Z
6a6b460404b99bae22a93008,2026-07-30T12:39:34.962Z
6a6b462a04b99bae22a93009,2026-07-30T12:40:12.395Z
6a6b4772e74af7870f6d0670,2026-07-30T12:45:40.245Z
6a6b4833e74af7870f6d0671,2026-07-30T12:48:53.756Z
6a6b4864e74af7870f6d0672,2026-07-30T12:49:41.973Z
6a6b4a5204b99bae22a9300b,2026-07-30T12:57:56.604Z
6a6b4b07e74af7870f6d0673,2026-07-30T13:00:56.957Z
6a6b4b4a04b99bae22a9300c,2026-07-30T13:02:05.429Z
6a6b4b62e74af7870f6d0674,2026-07-30T13:02:28.664Z
6a6b4bc304b99bae22a9300d,2026-07-30T13:04:05.580Z
6a6b4c2104b99bae22a9300e,2026-07-30T13:05:38.819Z
6a6b4c7704b99bae22a9300f,2026-07-30T13:07:05.001Z
6a6b4cd3e74af7870f6d0675,2026-07-30T13:08:37.393Z
6a6b4d0de74af7870f6d0676,2026-07-30T13:09:35.229Z
6a6b4d2704b99bae22a93010,2026-07-30T13:10:00.935Z
6a6b4d74e74af7870f6d0677,2026-07-30T13:11:18.884Z
6a6b4d7604b99bae22a93011,2026-07-30T13:11:20.606Z
6a6b4dc004b99bae22a93012,2026-07-30T13:12:33.696Z
6a6b4e0a04b99bae22a93013,2026-07-30T13:13:48.257Z
6a6b4e2ce74af7870f6d0678,2026-07-30T13:14:22.338Z
6a6b4e57e74af7870f6d0679,2026-07-30T13:15:05.526Z
6a6b4ea204b99bae22a93014,2026-07-30T13:16:20.054Z
6a6b5289e74af7870f6d067a,2026-07-30T13:32:59.028Z
6a6b52eae74af7870f6d067b,2026-07-30T13:34:39.197Z
6a6b5557e74af7870f6d067d,2026-07-30T13:44:57.794Z
6a6b55d904b99bae22a93016,2026-07-30T13:47:07.341Z
6a6b5683e74af7870f6d067e,2026-07-30T13:49:57.262Z
6a6b57c704b99bae22a93017,2026-07-30T13:55:20.885Z
6a6b587704b99bae22a93018,2026-07-30T13:58:17.891Z
6a6b596804b99bae22a93019,2026-07-30T14:02:18.071Z
6a6b5baee74af7870f6d0680,2026-07-30T14:12:00.832Z
6a6b5bf204b99bae22a9301a,2026-07-30T14:13:08.447Z
6a6b5d1de74af7870f6d0681,2026-07-30T14:18:10.783Z
6a6b5d25e74af7870f6d0682,2026-07-30T14:18:15.072Z
6a6b5d2b04b99bae22a9301b,2026-07-30T14:18:21.143Z
6a6b5d50e74af7870f6d0683,2026-07-30T14:19:01.133Z
6a6b5d6ae74af7870f6d0684,2026-07-30T14:19:24.551Z
6a6b5db504b99bae22a9301d,2026-07-30T14:20:39.597Z
6a6b5e4504b99bae22a9301e,2026-07-30T14:23:02.800Z
6a6b5f2b04b99bae22a9301f,2026-07-30T14:26:53.467Z
6a6b6035e74af7870f6d0685,2026-07-30T14:31:20.795Z
6a6b617a04b99bae22a93020,2026-07-30T14:36:44.801Z
6a6b634204b99bae22a93021,2026-07-30T14:44:20.548Z
6a6b63d404b99bae22a93022,2026-07-30T14:46:46.847Z
6a6b63f8e74af7870f6d0686,2026-07-30T14:47:22.807Z
6a6b646de74af7870f6d0687,2026-07-30T14:49:19.482Z
6a6b661804b99bae22a93023,2026-07-30T14:56:29.432Z
6a6b68f004b99bae22a93024,2026-07-30T15:08:34.883Z
6a6b6a4004b99bae22a93025,2026-07-30T15:14:10.523Z
6a6b730004b99bae22a93026,2026-07-30T15:51:30.272Z
6a6b740104b99bae22a93027,2026-07-30T15:55:47.700Z
6a6b744904b99bae22a93028,2026-07-30T15:56:59.282Z
6a6b7462e74af7870f6d068a,2026-07-30T15:57:24.260Z
6a6b77a904b99bae22a93029,2026-07-30T16:11:24.073Z
6a6b7a3ee74af7870f6d068b,2026-07-30T16:22:24.035Z
6a6b7a6804b99bae22a9302a,2026-07-30T16:23:06.345Z
6a6b7a9d04b99bae22a9302b,2026-07-30T16:23:59.417Z
6a6b7c1904b99bae22a9302c,2026-07-30T16:30:19.669Z
6a6b7eaae74af7870f6d068d,2026-07-30T16:41:16.662Z
6a6b814b04b99bae22a9302d,2026-07-30T16:52:29.617Z
6a6b834a04b99bae22a9302e,2026-07-30T17:01:00.180Z
6a6b83a304b99bae22a9302f,2026-07-30T17:02:29.883Z
6a6b83fae74af7870f6d068e,2026-07-30T17:03:56.041Z
6a6b8452e74af7870f6d068f,2026-07-30T17:05:23.791Z
6a6b84a8e74af7870f6d0690,2026-07-30T17:06:49.854Z
6a6b84fe04b99bae22a93030,2026-07-30T17:08:15.861Z
6a6b8553e74af7870f6d0691,2026-07-30T17:09:41.820Z
6a6b85a504b99bae22a93031,2026-07-30T17:11:03.367Z
6a6b85f3e74af7870f6d0692,2026-07-30T17:12:21.504Z
6a6b8633e74af7870f6d0693,2026-07-30T17:13:25.017Z
6a6b863604b99bae22a93032,2026-07-30T17:13:29.119Z
6a6b863ee74af7870f6d0694,2026-07-30T17:13:35.829Z
6a6b868ae74af7870f6d0695,2026-07-30T17:14:52.836Z
6a6b86d604b99bae22a93033,2026-07-30T17:16:07.662Z
6a6b87c404b99bae22a93034,2026-07-30T17:20:07.112Z
6a6b88d5e74af7870f6d0696,2026-07-30T17:24:39.305Z
6a6b899604b99bae22a93037,2026-07-30T17:27:52.023Z
6a6b8a13e74af7870f6d0697,2026-07-30T17:29:57.559Z
6a6b8e2304b99bae22a93038,2026-07-30T17:47:17.936Z
6a6b8e5f4b644ce1c3495bc1,2026-07-30T17:48:16.167Z
6a6b94e104b99bae22a9303a,2026-07-30T18:16:03.256Z
6a6b9563e74af7870f6d0698,2026-07-30T18:18:13.436Z
6a6b9af7e74af7870f6d069b,2026-07-30T18:42:01.652Z
6a6b9b5304b99bae22a9303b,2026-07-30T18:43:32.838Z
6a6b9b8de74af7870f6d069c,2026-07-30T18:44:32.044Z
6a6b9bd304b99bae22a9303c,2026-07-30T18:45:41.516Z
6a6b9c2404b99bae22a9303d,2026-07-30T18:47:02.932Z
6a6ba070e74af7870f6d069e,2026-07-30T19:05:25.258Z
6a6ba37704b99bae22a9303e,2026-07-30T19:18:17.363Z
6a6ba3a5e74af7870f6d069f,2026-07-30T19:19:03.436Z
6a6ba3a6e74af7870f6d06a0,2026-07-30T19:19:04.960Z
6a6ba40004b99bae22a9303f,2026-07-30T19:20:36.658Z
6a6ba47504b99bae22a93040,2026-07-30T19:22:31.566Z
6a6ba4b104b99bae22a93041,2026-07-30T19:23:31.367Z
6a6ba53204b99bae22a93042,2026-07-30T19:25:39.827Z
6a6ba5f3e74af7870f6d06a1,2026-07-30T19:28:53.075Z
6a6ba6a204b99bae22a93043,2026-07-30T19:31:48.608Z
6a6ba6bde74af7870f6d06a2,2026-07-30T19:32:15.463Z
6a6ba847e74af7870f6d06a4,2026-07-30T19:38:49.922Z
6a6baa86e74af7870f6d06a5,2026-07-30T19:48:24.208Z
6a6bac1ce74af7870f6d06a6,2026-07-30T19:55:11.098Z
6a6bac7d04b99bae22a93044,2026-07-30T19:56:47.844Z
6a6bac9be74af7870f6d06a7,2026-07-30T19:57:17.671Z
6a6bacf0e74af7870f6d06a8,2026-07-30T19:58:42.789Z
6a6bad0de74af7870f6d06a9,2026-07-30T19:59:10.755Z
6a6bae48e74af7870f6d06aa,2026-07-30T20:04:26.076Z
6a6bae79e74af7870f6d06ab,2026-07-30T20:05:14.670Z
6a6bb10604b99bae22a93045,2026-07-30T20:16:07.998Z
6a6bb174e74af7870f6d06af,2026-07-30T20:17:59.066Z
6a6bb2bde74af7870f6d06b0,2026-07-30T20:23:27.258Z
6a6bb4d004b99bae22a93047,2026-07-30T20:32:18.475Z
6a6bb4d104b99bae22a93048,2026-07-30T20:32:19.196Z
6a6bb6a9e74af7870f6d06b1,2026-07-30T20:40:11.790Z
6a6bb6c2e74af7870f6d06b2,2026-07-30T20:40:36.767Z
6a6bbbcc04b99bae22a93049,2026-07-30T21:02:06.200Z
6a6bbbe104b99bae22a9304a,2026-07-30T21:02:26.699Z
6a6bbc9904b99bae22a9304b,2026-07-30T21:05:31.782Z
6a6bbe3904b99bae22a9304c,2026-07-30T21:12:27.341Z
6a6bbed004b99bae22a9304d,2026-07-30T21:14:57.957Z
6a6bc22704b99bae22a9304e,2026-07-30T21:29:13.963Z
6a6bc39f04b99bae22a9304f,2026-07-30T21:35:29.522Z
6a6bc3bfe74af7870f6d06b3,2026-07-30T21:36:00.926Z
6a6bc419e74af7870f6d06b4,2026-07-30T21:37:30.752Z
6a6bc44b04b99bae22a93050,2026-07-30T21:38:21.298Z
6a6bc64fe74af7870f6d06b5,2026-07-30T21:46:57.111Z
6a6bc69ee74af7870f6d06b6,2026-07-30T21:48:16.020Z
6a6bc95de74af7870f6d06b7,2026-07-30T21:59:59.134Z
6a6bcb90e74af7870f6d06b8,2026-07-30T22:09:22.190Z
6a6bcbc5e74af7870f6d06b9,2026-07-30T22:10:15.974Z
6a6bcd3004b99bae22a93051,2026-07-30T22:16:18.899Z
6a6bcdf404b99bae22a93052,2026-07-30T22:19:35.593Z
6a6bd0a8e74af7870f6d06ba,2026-07-30T22:31:06.218Z
6a6bd132e74af7870f6d06bb,2026-07-30T22:33:23.602Z
6a6bd194e74af7870f6d06bc,2026-07-30T22:35:01.770Z
6a6bd444e74af7870f6d06be,2026-07-30T22:46:30.895Z
6a6bd7d7e74af7870f6d06c0,2026-07-30T23:01:46.034Z
6a6bd81604b99bae22a93053,2026-07-30T23:02:48.144Z
6a6bda38e74af7870f6d06c1,2026-07-30T23:11:54.388Z
6a6be12504b99bae22a93055,2026-07-30T23:41:27.607Z
6a6be2f6e74af7870f6d06c3,2026-07-30T23:49:12.590Z
6a6be668e74af7870f6d06c4,2026-07-31T00:03:54.865Z
6a6beae104b99bae22a93056,2026-07-31T00:22:59.101Z
6a6bf07ae74af7870f6d06c6,2026-07-31T00:46:52.677Z
6a6bf7f5e74af7870f6d06c7,2026-07-31T01:18:47.249Z
6a6bf844e74af7870f6d06c8,2026-07-31T01:20:08.783Z
6a6bf9b704b99bae22a93058,2026-07-31T01:26:17.422Z
6a6bfa0404b99bae22a93059,2026-07-31T01:27:36.719Z
6a6bfa6be74af7870f6d06c9,2026-07-31T01:29:17.112Z
6a6bfc1c04b99bae22a9305b,2026-07-31T01:36:30.604Z
6a6c06ce04b99bae22a9305d,2026-07-31T02:22:08.983Z
6a6c0786e74af7870f6d06cb,2026-07-31T02:25:15.038Z
6a6c09ebe74af7870f6d06cc,2026-07-31T02:35:25.226Z
6a6c0da4e74af7870f6d06cd,2026-07-31T02:51:18.120Z
6a6c0e1f04b99bae22a9305f,2026-07-31T02:53:20.774Z
6a6c0e25e74af7870f6d06ce,2026-07-31T02:53:29.971Z
6a6c1b9ae74af7870f6d06cf,2026-07-31T03:50:54.830Z
6a6c2794e74af7870f6d06d0,2026-07-31T04:41:58.296Z
6a6c2c0504b99bae22a93061,2026-07-31T05:00:55.726Z
6a6c2c5804b99bae22a93062,2026-07-31T05:02:17.757Z
6a6c2caae74af7870f6d06d1,2026-07-31T05:03:40.444Z
6a6c2d07e74af7870f6d06d2,2026-07-31T05:05:13.840Z
6a6c2d5b04b99bae22a93063,2026-07-31T05:06:37.930Z
6a6c2dae04b99bae22a93064,2026-07-31T05:08:00.736Z
6a6c2e07e74af7870f6d06d3,2026-07-31T05:09:29.847Z
6a6c2e39e74af7870f6d06d4,2026-07-31T05:10:20.343Z
6a6c2e5304b99bae22a93065,2026-07-31T05:10:45.353Z
6a6c2e9fe74af7870f6d06d5,2026-07-31T05:12:00.967Z
6a6c2ea9e74af7870f6d06d6,2026-07-31T05:12:11.691Z
6a6c2eeae74af7870f6d06d7,2026-07-31T05:13:16.309Z
6a6c2eeae74af7870f6d06d8,2026-07-31T05:13:18.867Z
6a6c2f3704b99bae22a93066,2026-07-31T05:14:32.608Z
6a6c2f83e74af7870f6d06d9,2026-07-31T05:15:48.736Z
6a6c309504b99bae22a93067,2026-07-31T05:20:23.799Z
6a6c351504b99bae22a93068,2026-07-31T05:39:35.139Z
6a6c3776e74af7870f6d06dc,2026-07-31T05:49:44.492Z
6a6c37bfe74af7870f6d06dd,2026-07-31T05:50:57.810Z
6a6c41fde74af7870f6d06de,2026-07-31T06:34:38.933Z
6a6c437004b99bae22a9306a,2026-07-31T06:40:50.073Z
6a6c4550e74af7870f6d06df,2026-07-31T06:48:49.805Z
6a6c46ab04b99bae22a9306b,2026-07-31T06:54:37.922Z
6a6c4ae304b99bae22a9306c,2026-07-31T07:12:37.183Z
6a6c4b25e74af7870f6d06e1,2026-07-31T07:13:43.108Z
6a6c4f47e74af7870f6d06e2,2026-07-31T07:31:21.764Z
6a6c520f04b99bae22a9306e,2026-07-31T07:43:13.555Z
6a6c5267e74af7870f6d06e3,2026-07-31T07:44:40.846Z
6a6c5387e74af7870f6d06e4,2026-07-31T07:49:29.698Z
6a6c599004b99bae22a9306f,2026-07-31T08:15:14.657Z
6a6c614ee74af7870f6d06e6,2026-07-31T08:48:16.739Z
6a6c6449e74af7870f6d06e7,2026-07-31T09:00:59.898Z
6a6c649904b99bae22a93071,2026-07-31T09:02:19.223Z
6a6c64ede74af7870f6d06e8,2026-07-31T09:03:43.942Z
6a6c654404b99bae22a93072,2026-07-31T09:05:10.122Z
6a6c6596e74af7870f6d06e9,2026-07-31T09:06:32.379Z
6a6c65bf04b99bae22a93073,2026-07-31T09:07:12.946Z
6a6c65e8e74af7870f6d06ea,2026-07-31T09:07:54.170Z
6a6c6634e74af7870f6d06eb,2026-07-31T09:09:10.049Z
6a6c667de74af7870f6d06ec,2026-07-31T09:10:23.517Z
6a6c66c404b99bae22a93074,2026-07-31T09:11:35.080Z
6a6c670ce74af7870f6d06ed,2026-07-31T09:12:46.949Z
6a6c6755e74af7870f6d06ee,2026-07-31T09:13:58.909Z
6a6c678604b99bae22a93075,2026-07-31T09:14:48.217Z
6a6c67fb04b99bae22a93076,2026-07-31T09:16:45.388Z
6a6c6824e74af7870f6d06ef,2026-07-31T09:17:26.431Z
6a6c696404b99bae22a93077,2026-07-31T09:22:46.313Z
6a6c6a85e74af7870f6d06f0,2026-07-31T09:27:36.418Z
6a6c6ab2e74af7870f6d06f1,2026-07-31T09:28:20.205Z
6a6c6d5d04b99bae22a93078,2026-07-31T09:39:43.177Z
6a6c6dc3e74af7870f6d06f2,2026-07-31T09:41:25.377Z
6a6c708ee74af7870f6d06f3,2026-07-31T09:53:20.518Z
6a6c72d2e74af7870f6d06f4,2026-07-31T10:03:00.627Z
6a6c75d8e74af7870f6d06f6,2026-07-31T10:15:55.635Z
6a6c762904b99bae22a93079,2026-07-31T10:17:15.251Z
6a6c7950e74af7870f6d06fa,2026-07-31T10:30:42.643Z
6a6c79aee74af7870f6d06fb,2026-07-31T10:32:15.756Z
6a6c7f01e74af7870f6d06fd,2026-07-31T10:54:59.876Z
6a6c815be74af7870f6d06fe,2026-07-31T11:05:00.952Z
6a6c88a6e74af7870f6d0702,2026-07-31T11:36:08.469Z
6a6c8dd8e74af7870f6d0703,2026-07-31T11:58:18.499Z
6a6c8e7b04b99bae22a93080,2026-07-31T12:01:02.132Z
6a6c8f6ee74af7870f6d0704,2026-07-31T12:05:04.597Z
6a6c90ebe74af7870f6d0705,2026-07-31T12:11:24.825Z
6a6c92e104b99bae22a93081,2026-07-31T12:19:47.620Z
6a6c940f04b99bae22a93083,2026-07-31T12:24:49.787Z
6a6c95d9e74af7870f6d0706,2026-07-31T12:32:28.060Z
6a6c975fe74af7870f6d0707,2026-07-31T12:38:57.149Z
6a6c9c70e74af7870f6d0708,2026-07-31T13:00:34.537Z
6a6c9cc004b99bae22a93085,2026-07-31T13:01:53.961Z
6a6c9d2a04b99bae22a93086,2026-07-31T13:03:40.484Z
6a6c9d7e04b99bae22a93087,2026-07-31T13:05:04.275Z
6a6c9dd904b99bae22a93088,2026-07-31T13:06:35.675Z
6a6c9e45e74af7870f6d0709,2026-07-31T13:08:24.004Z
6a6c9e9104b99bae22a93089,2026-07-31T13:09:39.416Z
6a6c9e95e74af7870f6d070a,2026-07-31T13:09:43.866Z
6a6c9edee74af7870f6d070b,2026-07-31T13:10:56.629Z
6a6c9f2a04b99bae22a9308a,2026-07-31T13:12:12.415Z
6a6c9f36e74af7870f6d070c,2026-07-31T13:12:23.916Z
6a6c9f6704b99bae22a9308b,2026-07-31T13:13:13.848Z
6a6c9f7604b99bae22a9308c,2026-07-31T13:13:28.558Z
6a6c9fbe04b99bae22a9308d,2026-07-31T13:14:40.185Z
6a6ca006e74af7870f6d070d,2026-07-31T13:15:52.684Z
6a6ca28804b99bae22a9308e,2026-07-31T13:26:34.802Z
6a6ca3b6e74af7870f6d070e,2026-07-31T13:31:37.067Z
6a6ca53604b99bae22a9308f,2026-07-31T13:38:00.765Z
6a6ca72504b99bae22a93092,2026-07-31T13:46:15.218Z
6a6ca736e74af7870f6d070f,2026-07-31T13:46:32.194Z
6a6ca88104b99bae22a93094,2026-07-31T13:52:03.354Z
6a6ca94704b99bae22a93095,2026-07-31T13:55:21.812Z
6a6ca9c1e74af7870f6d0710,2026-07-31T13:57:23.338Z
6a6caa28e74af7870f6d0711,2026-07-31T13:59:05.826Z
6a6caaae04b99bae22a93096,2026-07-31T14:01:20.007Z
6a6cac7204b99bae22a93097,2026-07-31T14:08:52.801Z
6a6cad1de74af7870f6d0712,2026-07-31T14:11:42.920Z
6a6caf1be74af7870f6d0713,2026-07-31T14:20:13.316Z
6a6cafe104b99bae22a9309a,2026-07-31T14:23:31.917Z
6a6cb1b9e74af7870f6d0715,2026-07-31T14:31:23.745Z
6a6cb2a9e74af7870f6d0716,2026-07-31T14:35:23.595Z
6a6cb31904b99bae22a9309b,2026-07-31T14:37:15.864Z
6a6cb682e74af7870f6d0717,2026-07-31T14:51:50.750Z
6a6cb96c04b99bae22a9309c,2026-07-31T15:04:14.855Z
6a6cb97ce74af7870f6d0718,2026-07-31T15:04:30.401Z
6a6cbaa7e74af7870f6d071a,2026-07-31T15:09:29.414Z
6a6cbd5a04b99bae22a9309e,2026-07-31T15:21:00.911Z
6a6cbe6e04b99bae22a9309f,2026-07-31T15:25:36.166Z
6a6cbe98e74af7870f6d071b,2026-07-31T15:26:19.042Z
6a6cbf3404b99bae22a930a0,2026-07-31T15:28:54.152Z
6a6cc01a04b99bae22a930a1,2026-07-31T15:32:44.585Z
6a6cc13adbb3038e0820e168,2026-07-31T15:37:32.708Z
6a6cc254e74af7870f6d071c,2026-07-31T15:42:14.307Z
6a6cc2c404b99bae22a930a2,2026-07-31T15:44:06.895Z
6a6cc2f804b99bae22a930a3,2026-07-31T15:44:58.377Z
6a6cc3d5e74af7870f6d071d,2026-07-31T15:48:39.378Z
6a6cc7c504b99bae22a930a6,2026-07-31T16:05:27.118Z
6a6cc8a1e74af7870f6d071e,2026-07-31T16:09:07.937Z
6a6ccbf8e74af7870f6d071f,2026-07-31T16:23:22.359Z
6a6ccc58e74af7870f6d0720,2026-07-31T16:24:58.268Z
6a6ccc9804b99bae22a930a7,2026-07-31T16:26:02.052Z
6a6ccccae74af7870f6d0721,2026-07-31T16:26:52.803Z
6a6cce3404b99bae22a930a8,2026-07-31T16:32:57.249Z
6a6cce7e04b99bae22a930a9,2026-07-31T16:34:07.964Z
6a6ccfa604b99bae22a930aa,2026-07-31T16:39:04.255Z
6a6cd15104b99bae22a930ab,2026-07-31T16:46:11.333Z
6a6cd152e74af7870f6d0723,2026-07-31T16:46:11.585Z
6a6cd1e8e74af7870f6d0724,2026-07-31T16:48:43.034Z
6a6cd4b4e74af7870f6d0725,2026-07-31T17:00:38.748Z
6a6cd51fe74af7870f6d0726,2026-07-31T17:02:25.301Z
6a6cd57404b99bae22a930ad,2026-07-31T17:03:51.017Z
6a6cd5c904b99bae22a930ae,2026-07-31T17:05:15.301Z
6a6cd61c04b99bae22a930b0,2026-07-31T17:06:39.256Z
6a6cd67404b99bae22a930b1,2026-07-31T17:08:05.905Z
6a6cd6c304b99bae22a930b2,2026-07-31T17:09:25.209Z
6a6cd71004b99bae22a930b3,2026-07-31T17:10:43.516Z
6a6cd75de74af7870f6d0727,2026-07-31T17:11:58.701Z
6a6cd7a5e74af7870f6d0728,2026-07-31T17:13:11.670Z
6a6cd7f104b99bae22a930b4,2026-07-31T17:14:27.532Z
6a6cd83d04b99bae22a930b5,2026-07-31T17:15:43.548Z
6a6cde24e74af7870f6d072a,2026-07-31T17:40:55.204Z
6a6ce0c2e74af7870f6d072b,2026-07-31T17:52:04.116Z
6a6ce1f1e74af7870f6d072d,2026-07-31T17:57:07.664Z
6a6ce32404b99bae22a930b7,2026-07-31T18:02:17.538Z
6a6ce4aee74af7870f6d072f,2026-07-31T18:08:48.441Z
6a6ce57ce74af7870f6d0730,2026-07-31T18:12:14.735Z
6a6ce66904b99bae22a930b8,2026-07-31T18:16:12.407Z
6a6ce86804b99bae22a930b9,2026-07-31T18:24:43.022Z
6a6cea03e74af7870f6d0731,2026-07-31T18:31:34.248Z
6a6cea25e74af7870f6d0732,2026-07-31T18:32:09.498Z
6a6ceab6e74af7870f6d0733,2026-07-31T18:34:32.319Z
6a6ceaeee74af7870f6d0734,2026-07-31T18:35:28.457Z
6a6ceb3ce74af7870f6d0735,2026-07-31T18:36:46.440Z
6a6ced48e74af7870f6d0736,2026-07-31T18:45:31.025Z
6a6ced4be74af7870f6d0737,2026-07-31T18:45:33.688Z
6a6cedb004b99bae22a930bb,2026-07-31T18:47:13.869Z
6a6cef818a1e7cb1ede74279,2026-07-31T18:54:57.627Z
6a6cf02b04b99bae22a930bc,2026-07-31T18:57:50.366Z
6a6cf37f04b99bae22a930bd,2026-07-31T19:12:02.095Z
6a6cf59ae74af7870f6d0738,2026-07-31T19:21:00.142Z
6a6cf5ac04b99bae22a930be,2026-07-31T19:21:18.835Z
6a6cf8eae74af7870f6d0739,2026-07-31T19:35:08.949Z
6a6cfc00e74af7870f6d073b,2026-07-31T19:48:18.664Z
6a6cff5d04b99bae22a930bf,2026-07-31T20:02:39.990Z
6a6d0259e74af7870f6d073c,2026-07-31T20:15:23.740Z
6a6d038604b99bae22a930c0,2026-07-31T20:20:24.818Z
6a6d0619e74af7870f6d073d,2026-07-31T20:31:23.969Z
6a6d069504b99bae22a930c1,2026-07-31T20:33:27.015Z
6a6d08da04b99bae22a930c3,2026-07-31T20:43:08.099Z
6a6d0e7e04b99bae22a930c4,2026-07-31T21:07:12.127Z
6a6d11ea04b99bae22a930c5,2026-07-31T21:21:48.602Z
6a6d158304b99bae22a930c6,2026-07-31T21:37:09.601Z
6a6d15a3e74af7870f6d073f,2026-07-31T21:37:41.615Z
6a6d172f04b99bae22a930c7,2026-07-31T21:44:16.699Z
6a6d17bae74af7870f6d0740,2026-07-31T21:46:36.175Z
6a6d19e7e74af7870f6d0741,2026-07-31T21:55:53.837Z
6a6d1a2804b99bae22a930c8,2026-07-31T21:56:58.658Z
6a6d1bbce74af7870f6d0742,2026-07-31T22:03:42.310Z
6a6d1c94e74af7870f6d0743,2026-07-31T22:07:18.563Z
6a6d1ce6e74af7870f6d0744,2026-07-31T22:08:40.654Z
6a6d1e96e74af7870f6d0745,2026-07-31T22:15:52.744Z
6a6d217504b99bae22a930c9,2026-07-31T22:28:07.543Z
6a6d2286e74af7870f6d0747,2026-07-31T22:32:40.866Z
6a6d28c004b99bae22a930ca,2026-07-31T22:59:15.138Z
6a6d2944e74af7870f6d0749,2026-07-31T23:01:26.908Z
6a6d3522e74af7870f6d074c,2026-07-31T23:52:04.352Z
6a6d38ad04b99bae22a930cc,2026-08-01T00:07:11.856Z
6a6d3f3904b99bae22a930cd,2026-08-01T00:35:06.618Z
6a6d409de74af7870f6d074d,2026-08-01T00:41:02.777Z
6a6d469304b99bae22a930cf,2026-08-01T01:06:29.511Z
6a6d489c04b99bae22a930d0,2026-08-01T01:15:10.575Z
6a6d49f0e74af7870f6d074e,2026-08-01T01:20:50.522Z
6a6d49fa04b99bae22a930d1,2026-08-01T01:21:00.487Z
6a6d4a44e74af7870f6d074f,2026-08-01T01:22:15.217Z
6a6d4f5ce74af7870f6d0750,2026-08-01T01:43:58.260Z
6a6d5293e74af7870f6d0751,2026-08-01T01:57:41.614Z
6a6d596ce74af7870f6d0752,2026-08-01T02:26:53.780Z
6a6d5ea004b99bae22a930d2,2026-08-01T02:49:07.170Z
6a6d609be74af7870f6d0754,2026-08-01T02:57:33.575Z
6a6d610804b99bae22a930d3,2026-08-01T02:59:21.940Z
6a6d632904b99bae22a930d4,2026-08-01T03:08:26.865Z
6a6d646304b99bae22a930d5,2026-08-01T03:13:41.776Z
6a6d677ee74af7870f6d0755,2026-08-01T03:26:56.704Z
6a6d67ace74af7870f6d0756,2026-08-01T03:27:42.363Z
6a6d6cba04b99bae22a930d6,2026-08-01T03:49:16.605Z
6a6d708804b99bae22a930d7,2026-08-01T04:05:30.162Z
6a6d712704b99bae22a930d8,2026-08-01T04:08:09.189Z
6a6d73df04b99bae22a930da,2026-08-01T04:19:48.393Z
6a6d7928e74af7870f6d0757,2026-08-01T04:42:18.742Z
6a6d7d73e74af7870f6d0758,2026-08-01T05:00:37.358Z
6a6d7dcb04b99bae22a930db,2026-08-01T05:02:05.211Z
6a6d7e3be74af7870f6d0759,2026-08-01T05:03:56.855Z
6a6d7e8ee74af7870f6d075a,2026-08-01T05:05:20.310Z
6a6d7ee004b99bae22a930dc,2026-08-01T05:06:42.373Z
6a6d7f3304b99bae22a930dd,2026-08-01T05:08:05.432Z
6a6d7f8204b99bae22a930de,2026-08-01T05:09:24.148Z
6a6d7fcfe74af7870f6d075b,2026-08-01T05:10:41.668Z
6a6d801b04b99bae22a930df,2026-08-01T05:11:56.988Z
6a6d8063e74af7870f6d075c,2026-08-01T05:13:08.881Z
6a6d80afe74af7870f6d075d,2026-08-01T05:14:25.279Z
6a6d80fa04b99bae22a930e0,2026-08-01T05:15:41.127Z
6a6d8109e74af7870f6d075e,2026-08-01T05:15:55.209Z
6a6d814de74af7870f6d0761,2026-08-01T05:17:02.547Z
6a6d8399e74af7870f6d0762,2026-08-01T05:26:51.559Z
6a6d8dade74af7870f6d0763,2026-08-01T06:09:51.270Z
6a6d92c904b99bae22a930e1,2026-08-01T06:31:39.313Z
6a6d93bbe74af7870f6d0764,2026-08-01T06:35:41.395Z
6a6d9692e74af7870f6d0765,2026-08-01T06:47:48.441Z
6a6d996304b99bae22a930e2,2026-08-01T06:59:49.540Z
6a6d9a6304b99bae22a930e3,2026-08-01T07:04:05.003Z
6a6d9abee74af7870f6d0766,2026-08-01T07:05:36.435Z
6a6d9adb04b99bae22a930e4,2026-08-01T07:06:05.575Z
6a6d9c5204b99bae22a930e5,2026-08-01T07:12:20.866Z
6a6d9eaae74af7870f6d0769,2026-08-01T07:22:20.562Z
6a6d9f37e74af7870f6d076a,2026-08-01T07:24:40.987Z
6a6da01604b99bae22a930e6,2026-08-01T07:28:25.267Z
6a6da16804b99bae22a930e7,2026-08-01T07:34:02.405Z
6a6da2e004b99bae22a930e8,2026-08-01T07:40:18.718Z
6a6da439e74af7870f6d076b,2026-08-01T07:46:03.770Z
6a6da5abe74af7870f6d076c,2026-08-01T07:52:12.891Z
6a6da77ee74af7870f6d076d,2026-08-01T08:00:01.362Z
6a6da8ee04b99bae22a930e9,2026-08-01T08:06:08.980Z
6a6da99be74af7870f6d076e,2026-08-01T08:09:01.448Z
6a6dab9fe74af7870f6d076f,2026-08-01T08:17:37.641Z
6a6dabd1e74af7870f6d0770,2026-08-01T08:18:30.667Z
6a6dacba04b99bae22a930ed,2026-08-01T08:22:20.411Z
6a6dacd304b99bae22a930ee,2026-08-01T08:22:45.241Z
6a6dacd504b99bae22a930ef,2026-08-01T08:22:47.312Z
6a6dacd704b99bae22a930f0,2026-08-01T08:22:49.041Z
6a6dad0704b99bae22a930f1,2026-08-01T08:23:37.413Z
6a6db364e74af7870f6d0773,2026-08-01T08:50:47.275Z
6a6db5b604b99bae22a930f2,2026-08-01T09:00:40.388Z
6a6db60de74af7870f6d0774,2026-08-01T09:02:07.789Z
6a6db666e74af7870f6d0775,2026-08-01T09:03:36.199Z
6a6db6bae74af7870f6d0776,2026-08-01T09:05:01.020Z
6a6db71204b99bae22a930f3,2026-08-01T09:06:28.240Z
6a6db763e74af7870f6d0777,2026-08-01T09:07:49.005Z
6a6db7b6e74af7870f6d0778,2026-08-01T09:09:12.175Z
6a6db803e74af7870f6d0779,2026-08-01T09:10:29.269Z
6a6db85004b99bae22a930f4,2026-08-01T09:11:46.262Z
6a6db897e74af7870f6d077a,2026-08-01T09:12:57.321Z
6a6db8e304b99bae22a930f5,2026-08-01T09:14:13.846Z
6a6db92be74af7870f6d077b,2026-08-01T09:15:25.446Z
6a6dbce704b99bae22a930f6,2026-08-01T09:31:20.960Z
6a6dc0f0e74af7870f6d077c,2026-08-01T09:48:33.918Z
6a6dc638e74af7870f6d077d,2026-08-01T10:11:07.198Z
6a6dc6ffe74af7870f6d077f,2026-08-01T10:14:25.626Z
6a6dc7dc04b99bae22a930f9,2026-08-01T10:18:06.392Z
6a6dcadee74af7870f6d0780,2026-08-01T10:30:56.532Z
6a6dcd35e74af7870f6d0781,2026-08-01T10:40:54.955Z
6a6dce69e74af7870f6d0782,2026-08-01T10:46:03.585Z
6a6dcf8fe74af7870f6d0783,2026-08-01T10:50:57.091Z
6a6dd1a2e74af7870f6d0785,2026-08-01T10:59:48.406Z
6a6dd1b2e74af7870f6d0786,2026-08-01T11:00:03.992Z
6a6dd3f1e74af7870f6d0789,2026-08-01T11:09:39.330Z
6a6dd621e74af7870f6d078a,2026-08-01T11:18:59.552Z
6a6dd63c04b99bae22a930fc,2026-08-01T11:19:25.968Z
6a6dd660e74af7870f6d078b,2026-08-01T11:20:02.405Z
6a6dd839e74af7870f6d078c,2026-08-01T11:27:55.781Z
6a6dd94504b99bae22a930fd,2026-08-01T11:32:23.500Z
6a6dde18e74af7870f6d078d,2026-08-01T11:52:58.274Z
6a6ddf51e74af7870f6d078e,2026-08-01T11:58:11.866Z
6a6ddf88e74af7870f6d078f,2026-08-01T11:59:05.673Z
6a6ddfebe74af7870f6d0790,2026-08-01T12:00:45.261Z
6a6de0dce74af7870f6d0791,2026-08-01T12:04:46.294Z
6a6de545e74af7870f6d0792,2026-08-01T12:23:35.455Z
6a6de8a9e74af7870f6d0793,2026-08-01T12:38:03.280Z
6a6deb61e74af7870f6d0794,2026-08-01T12:49:39.230Z
6a6ded5be74af7870f6d0795,2026-08-01T12:58:05.644Z
6a6dedf5e74af7870f6d0796,2026-08-01T13:00:39.192Z
6a6dee47e74af7870f6d0797,2026-08-01T13:02:01.538Z
6a6dee9c04b99bae22a930ff,2026-08-01T13:03:26.243Z
6a6deeefe74af7870f6d0798,2026-08-01T13:04:49.687Z
6a6def4804b99bae22a93100,2026-08-01T13:06:18.315Z
6a6def9a04b99bae22a93101,2026-08-01T13:07:41.417Z
6a6defece74af7870f6d0799,2026-08-01T13:09:01.616Z
6a6df03104b99bae22a93102,2026-08-01T13:10:11.293Z
6a6df06ce74af7870f6d079a,2026-08-01T13:11:09.612Z
6a6df07e04b99bae22a93103,2026-08-01T13:11:27.681Z
6a6df0ca04b99bae22a93104,2026-08-01T13:12:44.710Z
6a6df11704b99bae22a93105,2026-08-01T13:14:00.850Z
6a6df14d04b99bae22a93106,2026-08-01T13:14:54.739Z
6a6df163e74af7870f6d079b,2026-08-01T13:15:17.035Z
6a6df78b04b99bae22a93108,2026-08-01T13:41:33.282Z
6a6df7a8e74af7870f6d079c,2026-08-01T13:42:04.839Z
6a6df8f3e74af7870f6d079d,2026-08-01T13:47:33.227Z
6a6dfa9b04b99bae22a93109,2026-08-01T13:54:37.271Z
6a6dfc93e74af7870f6d079e,2026-08-01T14:03:01.377Z
6a6dfe95e74af7870f6d079f,2026-08-01T14:11:35.242Z
6a6e050404b99bae22a9310a,2026-08-01T14:39:02.587Z
6a6e07e204b99bae22a9310c,2026-08-01T14:51:15.818Z
6a6e08d904b99bae22a9310d,2026-08-01T14:55:23.178Z
6a6e094804b99bae22a9310e,2026-08-01T14:57:15.052Z
6a6e09f304b99bae22a9310f,2026-08-01T15:00:04.900Z
6a6e0cc6e74af7870f6d07a0,2026-08-01T15:12:08.038Z
6a6e1288e74af7870f6d07a1,2026-08-01T15:36:42.155Z
6a6e142de74af7870f6d07a2,2026-08-01T15:43:43.678Z
6a6e182a04b99bae22a93111,2026-08-01T16:00:44.763Z
6a6e1b85e74af7870f6d07a3,2026-08-01T16:15:04.314Z
6a6e1e59e74af7870f6d07a4,2026-08-01T16:27:07.775Z
6a6e2004e74af7870f6d07a5,2026-08-01T16:34:14.178Z
6a6e232104b99bae22a93112,2026-08-01T16:47:30.920Z
6a6e2378e74af7870f6d07a6,2026-08-01T16:48:58.425Z
6a6e238004b99bae22a93113,2026-08-01T16:49:06.635Z
6a6e2633e74af7870f6d07a7,2026-08-01T17:00:37.389Z
6a6e268e04b99bae22a93114,2026-08-01T17:02:08.914Z
6a6e26e104b99bae22a93115,2026-08-01T17:03:31.527Z
6a6e273404b99bae22a93116,2026-08-01T17:04:54.763Z
6a6e279e04b99bae22a93117,2026-08-01T17:06:40.025Z
6a6e27f204b99bae22a93118,2026-08-01T17:08:04.102Z
6a6e284304b99bae22a93119,2026-08-01T17:09:25.662Z
6a6e287c04b99bae22a9311a,2026-08-01T17:10:21.851Z
6a6e289104b99bae22a9311b,2026-08-01T17:10:43.696Z
6a6e28e304b99bae22a9311c,2026-08-01T17:12:05.316Z
6a6e293004b99bae22a9311d,2026-08-01T17:13:22.362Z
6a6e297ce74af7870f6d07a8,2026-08-01T17:14:38.571Z
6a6e29c804b99bae22a9311e,2026-08-01T17:15:54.337Z
6a6e2a4204b99bae22a9311f,2026-08-01T17:17:56.611Z
6a6e2ecae74af7870f6d07a9,2026-08-01T17:37:16.480Z
6a6e30fce74af7870f6d07ab,2026-08-01T17:46:38.635Z
6a6e3111e74af7870f6d07ac,2026-08-01T17:46:59.179Z
6a6e311304b99bae22a93120,2026-08-01T17:47:01.708Z
6a6e31d704b99bae22a93121,2026-08-01T17:50:17.377Z
6a6e3400e74af7870f6d07ad,2026-08-01T17:59:29.824Z
6a6e3512e74af7870f6d07ae,2026-08-01T18:04:04.096Z
6a6e358f04b99bae22a93122,2026-08-01T18:06:09.013Z
6a6e35bbe74af7870f6d07af,2026-08-01T18:06:52.711Z
6a6e35d4e74af7870f6d07b0,2026-08-01T18:07:20.993Z
6a6e35d8e74af7870f6d07b1,2026-08-01T18:07:21.941Z
6a6e374fe74af7870f6d07b2,2026-08-01T18:13:37.118Z
6a6e391104b99bae22a93124,2026-08-01T18:21:07.344Z
6a6e3e6704b99bae22a93125,2026-08-01T18:43:53.688Z
6a6e3f1504b99bae22a93126,2026-08-01T18:46:47.306Z
6a6e400604b99bae22a93127,2026-08-01T18:50:48.094Z
6a6e406704b99bae22a93128,2026-08-01T18:52:25.598Z
6a6e42ed04b99bae22a93129,2026-08-01T19:03:11.090Z
6a6e46dee74af7870f6d07b3,2026-08-01T19:20:00.183Z
6a6e4908e74af7870f6d07b4,2026-08-01T19:29:14.145Z
6a6e4a98e74af7870f6d07b5,2026-08-01T19:35:55.010Z
6a6e4b44e74af7870f6d07b6,2026-08-01T19:38:46.385Z
6a6e4b9704b99bae22a9312b,2026-08-01T19:40:09.516Z
6a6e4c4504b99bae22a9312c,2026-08-01T19:43:03.895Z
6a6e4d40e74af7870f6d07b7,2026-08-01T19:47:17.078Z
6a6e4dae04b99bae22a9312d,2026-08-01T19:49:03.839Z
6a6e4ea004b99bae22a9312e,2026-08-01T19:53:06.336Z
6a6e4f3ce74af7870f6d07b8,2026-08-01T19:55:42.500Z
6a6e5032e74af7870f6d07b9,2026-08-01T19:59:51.281Z
6a6e51ae04b99bae22a9312f,2026-08-01T20:06:09.180Z
6a6e522704b99bae22a93130,2026-08-01T20:08:09.802Z
6a6e52fde74af7870f6d07ba,2026-08-01T20:11:43.540Z
6a6e5378e74af7870f6d07bb,2026-08-01T20:13:45.585Z
6a6e5396e74af7870f6d07bc,2026-08-01T20:14:16.001Z
6a6e5403e74af7870f6d07bd,2026-08-01T20:16:05.448Z
6a6e57d0e74af7870f6d07be,2026-08-01T20:32:18.897Z
6a6e5a1e04b99bae22a93131,2026-08-01T20:42:08.130Z
6a6e5a8804b99bae22a93132,2026-08-01T20:43:54.601Z
6a6e5c1a04b99bae22a93133,2026-08-01T20:50:36.828Z
6a6e5e1d04b99bae22a93135,2026-08-01T20:59:11.051Z
6a6e5fbde74af7870f6d07bf,2026-08-01T21:06:06.656Z
6a6e604704b99bae22a93137,2026-08-01T21:08:25.172Z
6a6e6211e74af7870f6d07c0,2026-08-01T21:16:03.700Z
6a6e6228e74af7870f6d07c1,2026-08-01T21:16:26.381Z
6a6e62b1e74af7870f6d07c2,2026-08-01T21:18:43.027Z
6a6e65d304b99bae22a93138,2026-08-01T21:32:05.590Z
6a6e65e8e74af7870f6d07c3,2026-08-01T21:32:30.077Z
6a6e666804b99bae22a93139,2026-08-01T21:34:33.957Z
6a6e6960e74af7870f6d07c4,2026-08-01T21:47:15.087Z
6a6e699ce74af7870f6d07c5,2026-08-01T21:48:14.422Z
6a6e69b404b99bae22a9313a,2026-08-01T21:48:38.301Z
6a6e6b14e74af7870f6d07c6,2026-08-01T21:54:30.548Z
6a6e6b8204b99bae22a9313b,2026-08-01T21:56:20.151Z
6a6e6c4b04b99bae22a9313c,2026-08-01T21:59:41.350Z
6a6e6ff904b99bae22a9313d,2026-08-01T22:15:23.459Z
6a6e77ace74af7870f6d07c9,2026-08-01T22:48:13.981Z
6a6e7e24e74af7870f6d07ca,2026-08-01T23:15:49.949Z
6a6e855104b99bae22a9313e,2026-08-01T23:46:26.528Z
6a6e8e7be74af7870f6d07cb,2026-08-02T00:25:33.427Z
6a6e8eaa04b99bae22a9313f,2026-08-02T00:26:20.945Z
6a6e9162e74af7870f6d07cc,2026-08-02T00:37:56.587Z
6a6e925204b99bae22a93140,2026-08-02T00:41:56.316Z
6a6e9483e74af7870f6d07cd,2026-08-02T00:51:17.512Z
6a6e973c04b99bae22a93142,2026-08-02T01:02:53.872Z
6a6e983704b99bae22a93144,2026-08-02T01:07:06.557Z
6a6e989a04b99bae22a93145,2026-08-02T01:08:44.302Z
6a6e9c14e74af7870f6d07ce,2026-08-02T01:23:34.796Z
6a6e9c9704b99bae22a93146,2026-08-02T01:25:46.075Z
6a6ea301e74af7870f6d07cf,2026-08-02T01:53:07.341Z
6a6ea797e74af7870f6d07d1,2026-08-02T02:12:41.449Z
6a6eac0de74af7870f6d07d2,2026-08-02T02:31:42.799Z
6a6eae27e74af7870f6d07d3,2026-08-02T02:40:41.821Z
6a6eb0cfe74af7870f6d07d4,2026-08-02T02:52:00.983Z
6a6eb2ebe74af7870f6d07d5,2026-08-02T03:01:02.126Z
6a6eb327e74af7870f6d07d6,2026-08-02T03:02:02.546Z
6a6eb3c0e74af7870f6d07d7,2026-08-02T03:04:34.066Z
6a6eb60704b99bae22a93148,2026-08-02T03:14:18.547Z
6a6eb86404b99bae22a93149,2026-08-02T03:24:22.649Z
6a6eb95be74af7870f6d07d8,2026-08-02T03:28:29.690Z
6a6eb9b704b99bae22a9314a,2026-08-02T03:30:01.727Z
6a6ebe1604b99bae22a9314b,2026-08-02T03:48:40.261Z
6a6ec110e74af7870f6d07d9,2026-08-02T04:01:22.945Z
6a6eca2a04b99bae22a9314c,2026-08-02T04:40:12.319Z
6a6ecb86e74af7870f6d07da,2026-08-02T04:46:00.663Z
6a6ecefa04b99bae22a9314d,2026-08-02T05:00:43.816Z
6a6ecf0de74af7870f6d07db,2026-08-02T05:01:05.541Z
6a6ecf4fe74af7870f6d07dc,2026-08-02T05:02:09.683Z
6a6ecf9c04b99bae22a9314e,2026-08-02T05:03:26.268Z
6a6ecfa7e74af7870f6d07dd,2026-08-02T05:03:37.661Z
6a6ed00fe74af7870f6d07de,2026-08-02T05:05:20.615Z
6a6ed05f04b99bae22a9314f,2026-08-02T05:06:42.059Z
6a6ed0a404b99bae22a93150,2026-08-02T05:07:50.855Z
6a6ed0b404b99bae22a93151,2026-08-02T05:08:06.139Z
6a6ed0f0e74af7870f6d07df,2026-08-02T05:09:06.315Z
6a6ed10404b99bae22a93152,2026-08-02T05:09:26.509Z
6a6ed149e74af7870f6d07e0,2026-08-02T05:10:35.538Z
6a6ed19504b99bae22a93153,2026-08-02T05:11:51.321Z
6a6ed1dde74af7870f6d07e1,2026-08-02T05:13:02.545Z
6a6ed22504b99bae22a93154,2026-08-02T05:14:15.171Z
6a6ed27104b99bae22a93155,2026-08-02T05:15:31.371Z
6a6ed2df04b99bae22a93156,2026-08-02T05:17:21.049Z
6a6ed9a204b99bae22a93157,2026-08-02T05:46:12.463Z
6a6ede3b04b99bae22a93158,2026-08-02T06:05:48.786Z
6a6ee1fbe74af7870f6d07e3,2026-08-02T06:21:49.428Z
6a6ee8cae74af7870f6d07e4,2026-08-02T06:50:51.701Z
6a6eeadf04b99bae22a9315a,2026-08-02T06:59:46.050Z
6a6eeb4104b99bae22a9315c,2026-08-02T07:01:23.503Z
6a6eecf2e74af7870f6d07e5,2026-08-02T07:08:36.679Z
6a6eee1904b99bae22a9315d,2026-08-02T07:13:31.223Z
6a6ef53904b99bae22a9315f,2026-08-02T07:43:54.974Z
6a6ef8e804b99bae22a93160,2026-08-02T07:59:40.705Z
6a6efbfe04b99bae22a93161,2026-08-02T08:12:48.879Z
6a6f032e04b99bae22a93162,2026-08-02T08:43:28.373Z
6a6f0408e74af7870f6d07e7,2026-08-02T08:47:06.412Z
6a6f04c1e74af7870f6d07e8,2026-08-02T08:50:11.631Z
6a6f04d9e74af7870f6d07e9,2026-08-02T08:50:37.560Z
6a6f07de04b99bae22a93164,2026-08-02T09:03:28.005Z
6a6f07fae74af7870f6d07ea,2026-08-02T09:03:56.663Z
6a6f0834e74af7870f6d07eb,2026-08-02T09:04:53.833Z
6a6f088704b99bae22a93165,2026-08-02T09:06:17.765Z
6a6f091204b99bae22a93166,2026-08-02T09:08:36.611Z
6a6f095b04b99bae22a93167,2026-08-02T09:09:48.938Z
6a6f09a204b99bae22a93168,2026-08-02T09:11:00.202Z
6a6f09eee74af7870f6d07ec,2026-08-02T09:12:16.099Z
6a6f0cd104b99bae22a93169,2026-08-02T09:24:35.067Z
6a6f0d8f04b99bae22a9316a,2026-08-02T09:27:47.399Z
6a6f0fe204b99bae22a9316b,2026-08-02T09:37:40.716Z
6a6f109a04b99bae22a9316c,2026-08-02T09:40:43.939Z
6a6f111d04b99bae22a9316d,2026-08-02T09:42:55.036Z
6a6f11cf04b99bae22a9316e,2026-08-02T09:45:53.710Z
6a6f1231e74af7870f6d07ed,2026-08-02T09:47:31.609Z
6a6f143904b99bae22a93170,2026-08-02T09:56:10.942Z
6a6f162904b99bae22a93171,2026-08-02T10:04:27.526Z
6a6f1737e74af7870f6d07ee,2026-08-02T10:08:57.567Z
6a6f1a5404b99bae22a93172,2026-08-02T10:22:14.231Z
6a6f1d08e74af7870f6d07ef,2026-08-02T10:33:46.452Z
6a6f24bae74af7870f6d07f0,2026-08-02T11:06:38.551Z
6a6f277d04b99bae22a93173,2026-08-02T11:18:22.842Z
6a6f27a8e74af7870f6d07f1,2026-08-02T11:19:06.149Z
6a6f2902e74af7870f6d07f2,2026-08-02T11:24:51.470Z
6a6f2aa6e74af7870f6d07f3,2026-08-02T11:31:52.910Z
6a6f2b39e74af7870f6d07f4,2026-08-02T11:34:19.559Z
6a6f2b99e74af7870f6d07f5,2026-08-02T11:35:55.510Z
6a6f2c41e74af7870f6d07f7,2026-08-02T11:38:43.989Z
6a6f308304b99bae22a93176,2026-08-02T11:56:53.694Z
6a6f313504b99bae22a93177,2026-08-02T11:59:53.938Z
6a6f361fe74af7870f6d07f8,2026-08-02T12:20:49.088Z
6a6f378fe74af7870f6d07fa,2026-08-02T12:26:58.482Z
6a6f37c0e74af7870f6d07fb,2026-08-02T12:27:46.661Z
6a6f3b30e74af7870f6d07fc,2026-08-02T12:42:25.915Z
6a6f3b3e04b99bae22a93179,2026-08-02T12:42:40.706Z
6a6f3c0404b99bae22a9317a,2026-08-02T12:45:58.357Z
6a6f3ec4e74af7870f6d07fe,2026-08-02T12:57:42.164Z
6a6f3ef304b99bae22a9317b,2026-08-02T12:58:29.126Z
6a6f3fd904b99bae22a9317c,2026-08-02T13:02:19.443Z
6a6f402e04b99bae22a9317d,2026-08-02T13:03:44.148Z
6a6f4082e74af7870f6d07ff,2026-08-02T13:05:08.838Z
6a6f40d704b99bae22a9317e,2026-08-02T13:06:33.478Z
6a6f4129e74af7870f6d0800,2026-08-02T13:07:55.599Z
6a6f417204b99bae22a9317f,2026-08-02T13:09:08.031Z
6a6f418b04b99bae22a93180,2026-08-02T13:09:33.127Z
6a6f41bfe74af7870f6d0801,2026-08-02T13:10:25.128Z
6a6f474b74ad5345e8015fa3,2026-08-02T13:34:05.445Z
6a6f47fb74ad5345e8015fa4,2026-08-02T13:37:01.683Z
6a6f498974ad5345e8015fa5,2026-08-02T13:43:39.665Z
6a6f503bfa0b8d107d03c5df,2026-08-02T14:12:13.693Z
6a6f50ae74ad5345e8015fa6,2026-08-02T14:14:10.461Z
6a6f50cf74ad5345e8015fa7,2026-08-02T14:14:44.041Z
6a6f510ffa0b8d107d03c5e0,2026-08-02T14:15:45.465Z
6a6f524ffa0b8d107d03c5e1,2026-08-02T14:21:05.054Z
6a6f5659fa0b8d107d03c5e2,2026-08-02T14:38:19.104Z
6a6f581774ad5345e8015fa8,2026-08-02T14:45:47.824Z
6a6f58ad74ad5345e8015fa9,2026-08-02T14:48:15.043Z
6a6f5af074ad5345e8015faa,2026-08-02T14:57:54.560Z
6a6f5c6ffa0b8d107d03c5e3,2026-08-02T15:04:17.118Z
6a6f5d6afa0b8d107d03c5e4,2026-08-02T15:08:28.434Z
6a6f5fb3fa0b8d107d03c5e5,2026-08-02T15:18:13.584Z
6a6f6017fa0b8d107d03c5e6,2026-08-02T15:19:53.821Z
6a6f6117fa0b8d107d03c5e7,2026-08-02T15:24:09.642Z
6a6f62ebfa0b8d107d03c5e8,2026-08-02T15:31:58.441Z
6a6f6395fa0b8d107d03c5e9,2026-08-02T15:34:46.949Z
6a6f63db74ad5345e8015fac,2026-08-02T15:35:57.600Z
6a6f67ef74ad5345e8015fae,2026-08-02T15:53:21.021Z
6a6f689074ad5345e8015faf,2026-08-02T15:56:02.135Z
6a6f68cc74ad5345e8015fb0,2026-08-02T15:57:01.745Z
6a6f6a4274ad5345e8015fb1,2026-08-02T16:03:15.820Z
6a6f6cc974ad5345e8015fb2,2026-08-02T16:14:03.547Z
6a6f6d4dfa0b8d107d03c5ea,2026-08-02T16:16:15.750Z
6a6f6fd5fa0b8d107d03c5eb,2026-08-02T16:27:04.112Z
6a6f72b8fa0b8d107d03c5ec,2026-08-02T16:39:24.909Z
6a6f73bc74ad5345e8015fb4,2026-08-02T16:43:43.047Z
6a6f743d74ad5345e8015fb6,2026-08-02T16:45:52.617Z
6a6f762e74ad5345e8015fb7,2026-08-02T16:54:08.590Z
6a6f77b4fa0b8d107d03c5ed,2026-08-02T17:00:38.219Z
6a6f7805fa0b8d107d03c5ee,2026-08-02T17:01:59.319Z
6a6f786b74ad5345e8015fb9,2026-08-02T17:03:41.877Z
6a6f787074ad5345e8015fba,2026-08-02T17:03:45.494Z
6a6f78a0fa0b8d107d03c5ef,2026-08-02T17:04:34.202Z
6a6f78c274ad5345e8015fbb,2026-08-02T17:05:08.210Z
6a6f7919fa0b8d107d03c5f0,2026-08-02T17:06:35.104Z
6a6f7982fa0b8d107d03c5f1,2026-08-02T17:08:20.026Z
6a6f79dbfa0b8d107d03c5f2,2026-08-02T17:09:49.083Z
6a6f7a2474ad5345e8015fbc,2026-08-02T17:11:02.131Z
6a6f7a6f74ad5345e8015fbd,2026-08-02T17:12:17.055Z
6a6f7ab874ad5345e8015fbe,2026-08-02T17:13:30.031Z
6a6f7b00fa0b8d107d03c5f3,2026-08-02T17:14:42.322Z
6a6f7b3174ad5345e8015fbf,2026-08-02T17:15:31.378Z
6a6f7c52fa0b8d107d03c5f4,2026-08-02T17:20:20.334Z
6a6f7cc1fa0b8d107d03c5f5,2026-08-02T17:22:12.001Z
6a6f7ea574ad5345e8015fc0,2026-08-02T17:30:18.164Z
6a6f8296fa0b8d107d03c5f6,2026-08-02T17:47:04.695Z
6a6f8352fa0b8d107d03c5f7,2026-08-02T17:50:12.677Z
6a6f838ffa0b8d107d03c5f8,2026-08-02T17:51:16.030Z
6a6f842674ad5345e8015fc2,2026-08-02T17:53:44.744Z
6a6f843474ad5345e8015fc3,2026-08-02T17:53:58.289Z
6a6f8594fa0b8d107d03c5f9,2026-08-02T17:59:50.655Z
6a6f8670fa0b8d107d03c5fa,2026-08-02T18:03:30.598Z
6a6f89a5fa0b8d107d03c5fb,2026-08-02T18:17:11.215Z
6a6f8a36fa0b8d107d03c5fc,2026-08-02T18:19:36.793Z
6a6f8be074ad5345e8015fc5,2026-08-02T18:26:42.266Z
6a6f8f3474ad5345e8015fc6,2026-08-02T18:40:54.465Z
6a6f8fe5fa0b8d107d03c5fd,2026-08-02T18:43:51.970Z
6a6f8ffd74ad5345e8015fc7,2026-08-02T18:44:15.803Z
6a6f9a11fa0b8d107d03c5fe,2026-08-02T19:27:15.853Z
6a6f9a9474ad5345e8015fc8,2026-08-02T19:29:26.193Z
6a6f9d4cfa0b8d107d03c5ff,2026-08-02T19:41:03.237Z
6a6fa3d274ad5345e8015fc9,2026-08-02T20:08:52.456Z
6a6fa3e174ad5345e8015fca,2026-08-02T20:09:07.505Z
6a6fa40ffa0b8d107d03c600,2026-08-02T20:09:53.579Z
6a6fa4cefa0b8d107d03c602,2026-08-02T20:13:03.884Z
6a6fa74c74ad5345e8015fcb,2026-08-02T20:23:43.417Z
6a6fa7fe74ad5345e8015fcc,2026-08-02T20:26:39.989Z
6a6fa84074ad5345e8015fcd,2026-08-02T20:27:46.337Z
6a6fa949fa0b8d107d03c604,2026-08-02T20:32:11.195Z
6a6fa969fa0b8d107d03c605,2026-08-02T20:32:43.385Z
6a6fabac74ad5345e8015fcf,2026-08-02T20:42:23.113Z
6a6fabb2fa0b8d107d03c606,2026-08-02T20:42:28.248Z
6a6fabe6fa0b8d107d03c607,2026-08-02T20:43:19.982Z
6a6fac2a74ad5345e8015fd0,2026-08-02T20:44:28.339Z
6a6faecafa0b8d107d03c608,2026-08-02T20:55:40.348Z
6a6fb0c174ad5345e8015fd1,2026-08-02T21:04:03.124Z
6a6fb58dfa0b8d107d03c60b,2026-08-02T21:24:31.922Z
6a6fb5d3fa0b8d107d03c60c,2026-08-02T21:25:41.670Z
6a6fb71dfa0b8d107d03c60d,2026-08-02T21:31:11.348Z
6a6fb8f6fa0b8d107d03c60e,2026-08-02T21:39:04.698Z
6a6fbaaf74ad5345e8015fd3,2026-08-02T21:46:27.582Z
6a6fbb0cfa0b8d107d03c60f,2026-08-02T21:47:57.710Z
6a6fbd4f74ad5345e8015fd4,2026-08-02T21:57:37.281Z
6a6fbef7fa0b8d107d03c611,2026-08-02T22:04:41.483Z
6a6fbffafa0b8d107d03c612,2026-08-02T22:08:59.733Z
6a6fc04efa0b8d107d03c614,2026-08-02T22:10:24.642Z
6a6fc1cffa0b8d107d03c615,2026-08-02T22:16:48.907Z
6a6fc43474ad5345e8015fd5,2026-08-02T22:27:04.973Z
6a6fc7ee7ccdf043de769f8c,2026-08-02T22:42:56.171Z
6a6fca82fa0b8d107d03c617,2026-08-02T22:53:56.257Z
6a6fcaeb7ccdf043de769f8d,2026-08-02T22:55:41.469Z
6a6fce0b7ccdf043de769f8e,2026-08-02T23:09:01.916Z
6a6fcfacfa0b8d107d03c618,2026-08-02T23:15:58.011Z
6a6fd1cd7ccdf043de769f8f,2026-08-02T23:25:02.901Z
6a6fd23a7ccdf043de769f90,2026-08-02T23:26:52.115Z
6a6fd3df7ccdf043de769f92,2026-08-02T23:33:56.119Z
6a6fd5087ccdf043de769f93,2026-08-02T23:38:49.925Z
6a6fdb43fa0b8d107d03c61b,2026-08-03T00:05:25.795Z
6a6fdd0bfa0b8d107d03c61c,2026-08-03T00:13:01.862Z
6a6fdeb77ccdf043de769f94,2026-08-03T00:20:11.641Z
6a6febe07ccdf043de769f95,2026-08-03T01:16:19.437Z
6a6fed15fa0b8d107d03c61d,2026-08-03T01:21:26.854Z
6a6fed247ccdf043de769f96,2026-08-03T01:21:44.125Z
6a6feea67ccdf043de769f97,2026-08-03T01:28:07.739Z
6a6fef54fa0b8d107d03c61e,2026-08-03T01:31:02.921Z
6a6ff1c6fa0b8d107d03c61f,2026-08-03T01:41:28.562Z
6a6ff2a37ccdf043de769f98,2026-08-03T01:45:09.808Z
6a6ff7127ccdf043de769f99,2026-08-03T02:04:03.955Z
6a6ff77a7ccdf043de769f9a,2026-08-03T02:05:48.824Z
6a6ff925fa0b8d107d03c620,2026-08-03T02:12:56.079Z
6a6ffbce7ccdf043de769f9b,2026-08-03T02:24:16.791Z
6a6ffce9fa0b8d107d03c621,2026-08-03T02:28:59.422Z
6a700259fa0b8d107d03c622,2026-08-03T02:52:10.862Z
6a700b457ccdf043de769f9e,2026-08-03T03:30:15.885Z
6a700bea7ccdf043de769f9f,2026-08-03T03:33:00.636Z
6a700c8dfa0b8d107d03c623,2026-08-03T03:35:43.372Z
6a700d10fa0b8d107d03c624,2026-08-03T03:37:56.998Z
6a700ef2fa0b8d107d03c625,2026-08-03T03:45:56.047Z
6a701026fa0b8d107d03c626,2026-08-03T03:51:06.578Z
6a70103e7ccdf043de769fa0,2026-08-03T03:51:31.222Z
6a7013387ccdf043de769fa1,2026-08-03T04:04:09.974Z
6a70197dfa0b8d107d03c627,2026-08-03T04:30:55.456Z
6a701d137ccdf043de769fa3,2026-08-03T04:46:13.920Z
6a701f53fa0b8d107d03c62a,2026-08-03T04:55:49.256Z
6a7020767ccdf043de769fa4,2026-08-03T05:00:40.539Z
6a7020c3fa0b8d107d03c62b,2026-08-03T05:01:57.941Z
6a70212d7ccdf043de769fa5,2026-08-03T05:03:42.988Z
6a702186fa0b8d107d03c62c,2026-08-03T05:05:12.191Z
6a7021dc7ccdf043de769fa6,2026-08-03T05:06:38.030Z
6a702256fa0b8d107d03c62d,2026-08-03T05:08:40.413Z
6a7022a77ccdf043de769fa7,2026-08-03T05:10:01.196Z
6a7022f07ccdf043de769fa8,2026-08-03T05:11:14.352Z
6a70233cfa0b8d107d03c62e,2026-08-03T05:12:30.169Z
6a702384fa0b8d107d03c62f,2026-08-03T05:13:42.098Z
6a7023cb7ccdf043de769fa9,2026-08-03T05:14:53.925Z
6a702418fa0b8d107d03c630,2026-08-03T05:16:09.900Z
6a7025557ccdf043de769faa,2026-08-03T05:21:27.033Z
6a7028cffa0b8d107d03c632,2026-08-03T05:36:17.885Z
6a702b6ffa0b8d107d03c633,2026-08-03T05:47:29.596Z
6a703135fa0b8d107d03c634,2026-08-03T06:12:06.686Z
6a7031adfa0b8d107d03c635,2026-08-03T06:14:09.684Z
6a70329dfa0b8d107d03c636,2026-08-03T06:18:07.647Z
6a70352afa0b8d107d03c637,2026-08-03T06:29:00.290Z
6a703631fa0b8d107d03c638,2026-08-03T06:33:23.720Z
6a70378dfa0b8d107d03c639,2026-08-03T06:39:10.705Z
6a7037cafa0b8d107d03c63a,2026-08-03T06:40:12.412Z
6a703a3bb1b896170e07a0b7,2026-08-03T06:50:37.285Z
6a70487626fd3854f44945f9,2026-08-03T07:51:21.104Z
6a70487826fd3854f44945fa,2026-08-03T07:51:22.592Z